variable,description
v2x_polyarchy,"Index estimate (Point Estimate, Median value) - Electoral democracy index (D). Aggregated as average of Multiplicative Polyarchy Index (MPI) and Additive Polyarchy Index (API). Formula: 0.5 * MPI + 0.5 * API = 0.5 * (v2x_elecoff * v2xel_frefair * v2x_frassoc_thick * v2x_suffr * v2x_freexp_altinf) + 0.5 * (0.125 * v2x_elecoff + 0.25 * v2xel_frefair + 0.25 * v2x_frassoc_thick + 0.125 * v2x_suffr + 0.25 * v2x_freexp_altinf)."
v2x_polyarchy_codelow,Lower bound (HPD Interval 68/70%) - Electoral democracy index (D). Aggregated as average of Multiplicative Polyarchy Index (MPI) and Additive Polyarchy Index (API). Formula: 0.5 * MPI + 0.5 * API = 0.5 * (v2x_elecoff * v2xel_frefair * v2x_frassoc_thick * v2x_suffr * v2x_freexp_altinf) + 0.5 * (0.125 * v2x_elecoff + 0.25 * v2xel_frefair + 0.25 * v2x_frassoc_thick + 0.125 * v2x_suffr + 0.25 * v2x_freexp_altinf).
v2x_polyarchy_codehigh,Upper bound (HPD Interval 68/70%) - Electoral democracy index (D). Aggregated as average of Multiplicative Polyarchy Index (MPI) and Additive Polyarchy Index (API). Formula: 0.5 * MPI + 0.5 * API = 0.5 * (v2x_elecoff * v2xel_frefair * v2x_frassoc_thick * v2x_suffr * v2x_freexp_altinf) + 0.5 * (0.125 * v2x_elecoff + 0.25 * v2xel_frefair + 0.25 * v2x_frassoc_thick + 0.125 * v2x_suffr + 0.25 * v2x_freexp_altinf).
v2x_polyarchy_sd,Standard deviation of the posterior distribution - Electoral democracy index (D). Aggregated as average of Multiplicative Polyarchy Index (MPI) and Additive Polyarchy Index (API). Formula: 0.5 * MPI + 0.5 * API = 0.5 * (v2x_elecoff * v2xel_frefair * v2x_frassoc_thick * v2x_suffr * v2x_freexp_altinf) + 0.5 * (0.125 * v2x_elecoff + 0.25 * v2xel_frefair + 0.25 * v2x_frassoc_thick + 0.125 * v2x_suffr + 0.25 * v2x_freexp_altinf).
e_v2x_polyarchy_3C,"Ordinalized version (3 Categories: 0, 0.5, 1.0) - Electoral democracy index (D). Aggregated as average of Multiplicative Polyarchy Index (MPI) and Additive Polyarchy Index (API). Formula: 0.5 * MPI + 0.5 * API = 0.5 * (v2x_elecoff * v2xel_frefair * v2x_frassoc_thick * v2x_suffr * v2x_freexp_altinf) + 0.5 * (0.125 * v2x_elecoff + 0.25 * v2xel_frefair + 0.25 * v2x_frassoc_thick + 0.125 * v2x_suffr + 0.25 * v2x_freexp_altinf)."
e_v2x_polyarchy_4C,"Ordinalized version (4 Categories: 0, 0.33, 0.67, 1.0) - Electoral democracy index (D). Aggregated as average of Multiplicative Polyarchy Index (MPI) and Additive Polyarchy Index (API). Formula: 0.5 * MPI + 0.5 * API = 0.5 * (v2x_elecoff * v2xel_frefair * v2x_frassoc_thick * v2x_suffr * v2x_freexp_altinf) + 0.5 * (0.125 * v2x_elecoff + 0.25 * v2xel_frefair + 0.25 * v2x_frassoc_thick + 0.125 * v2x_suffr + 0.25 * v2x_freexp_altinf)."
e_v2x_polyarchy_5C,"Ordinalized version (5 Categories: 0, 0.25, 0.50, 0.75, 1.0) - Electoral democracy index (D). Aggregated as average of Multiplicative Polyarchy Index (MPI) and Additive Polyarchy Index (API). Formula: 0.5 * MPI + 0.5 * API = 0.5 * (v2x_elecoff * v2xel_frefair * v2x_frassoc_thick * v2x_suffr * v2x_freexp_altinf) + 0.5 * (0.125 * v2x_elecoff + 0.25 * v2xel_frefair + 0.25 * v2x_frassoc_thick + 0.125 * v2x_suffr + 0.25 * v2x_freexp_altinf)."
v2x_libdem,"Index estimate (Point Estimate, Median value) - Liberal democracy index (D). Aggregated from Electoral Democracy (v2x_polyarchy) and Liberal Component (v2x_liberal). Formula: 0.25 * v2x_polyarchy^1.585 + 0.25 * v2x_liberal + 0.5 * v2x_polyarchy^1.585 * v2x_liberal."
v2x_libdem_codelow,Lower bound (HPD Interval 68/70%) - Liberal democracy index (D). Aggregated from Electoral Democracy (v2x_polyarchy) and Liberal Component (v2x_liberal). Formula: 0.25 * v2x_polyarchy^1.585 + 0.25 * v2x_liberal + 0.5 * v2x_polyarchy^1.585 * v2x_liberal.
v2x_libdem_codehigh,Upper bound (HPD Interval 68/70%) - Liberal democracy index (D). Aggregated from Electoral Democracy (v2x_polyarchy) and Liberal Component (v2x_liberal). Formula: 0.25 * v2x_polyarchy^1.585 + 0.25 * v2x_liberal + 0.5 * v2x_polyarchy^1.585 * v2x_liberal.
v2x_libdem_sd,Standard deviation of the posterior distribution - Liberal democracy index (D). Aggregated from Electoral Democracy (v2x_polyarchy) and Liberal Component (v2x_liberal). Formula: 0.25 * v2x_polyarchy^1.585 + 0.25 * v2x_liberal + 0.5 * v2x_polyarchy^1.585 * v2x_liberal.
e_v2x_libdem_3C,"Ordinalized version (3 Categories: 0, 0.5, 1.0) - Liberal democracy index (D). Aggregated from Electoral Democracy (v2x_polyarchy) and Liberal Component (v2x_liberal). Formula: 0.25 * v2x_polyarchy^1.585 + 0.25 * v2x_liberal + 0.5 * v2x_polyarchy^1.585 * v2x_liberal."
e_v2x_libdem_4C,"Ordinalized version (4 Categories: 0, 0.33, 0.67, 1.0) - Liberal democracy index (D). Aggregated from Electoral Democracy (v2x_polyarchy) and Liberal Component (v2x_liberal). Formula: 0.25 * v2x_polyarchy^1.585 + 0.25 * v2x_liberal + 0.5 * v2x_polyarchy^1.585 * v2x_liberal."
e_v2x_libdem_5C,"Ordinalized version (5 Categories: 0, 0.25, 0.50, 0.75, 1.0) - Liberal democracy index (D). Aggregated from Electoral Democracy (v2x_polyarchy) and Liberal Component (v2x_liberal). Formula: 0.25 * v2x_polyarchy^1.585 + 0.25 * v2x_liberal + 0.5 * v2x_polyarchy^1.585 * v2x_liberal."
v2x_partipdem,"Index estimate (Point Estimate, Median value) - Participatory democracy index (D). Aggregated from Electoral Democracy (v2x_polyarchy) and Participatory Component (v2x_partip). Formula: 0.25 * v2x_polyarchy^1.585 + 0.25 * v2x_partip + 0.5 * v2x_polyarchy^1.585 * v2x_partip."
v2x_partipdem_codelow,Lower bound (HPD Interval 68/70%) - Participatory democracy index (D). Aggregated from Electoral Democracy (v2x_polyarchy) and Participatory Component (v2x_partip). Formula: 0.25 * v2x_polyarchy^1.585 + 0.25 * v2x_partip + 0.5 * v2x_polyarchy^1.585 * v2x_partip.
v2x_partipdem_codehigh,Upper bound (HPD Interval 68/70%) - Participatory democracy index (D). Aggregated from Electoral Democracy (v2x_polyarchy) and Participatory Component (v2x_partip). Formula: 0.25 * v2x_polyarchy^1.585 + 0.25 * v2x_partip + 0.5 * v2x_polyarchy^1.585 * v2x_partip.
v2x_partipdem_sd,Standard deviation of the posterior distribution - Participatory democracy index (D). Aggregated from Electoral Democracy (v2x_polyarchy) and Participatory Component (v2x_partip). Formula: 0.25 * v2x_polyarchy^1.585 + 0.25 * v2x_partip + 0.5 * v2x_polyarchy^1.585 * v2x_partip.
e_v2x_partipdem_3C,"Ordinalized version (3 Categories: 0, 0.5, 1.0) - Participatory democracy index (D). Aggregated from Electoral Democracy (v2x_polyarchy) and Participatory Component (v2x_partip). Formula: 0.25 * v2x_polyarchy^1.585 + 0.25 * v2x_partip + 0.5 * v2x_polyarchy^1.585 * v2x_partip."
e_v2x_partipdem_4C,"Ordinalized version (4 Categories: 0, 0.33, 0.67, 1.0) - Participatory democracy index (D). Aggregated from Electoral Democracy (v2x_polyarchy) and Participatory Component (v2x_partip). Formula: 0.25 * v2x_polyarchy^1.585 + 0.25 * v2x_partip + 0.5 * v2x_polyarchy^1.585 * v2x_partip."
e_v2x_partipdem_5C,"Ordinalized version (5 Categories: 0, 0.25, 0.50, 0.75, 1.0) - Participatory democracy index (D). Aggregated from Electoral Democracy (v2x_polyarchy) and Participatory Component (v2x_partip). Formula: 0.25 * v2x_polyarchy^1.585 + 0.25 * v2x_partip + 0.5 * v2x_polyarchy^1.585 * v2x_partip."
v2x_delibdem,"Index estimate (Point Estimate, Median value) - Deliberative democracy index (D). Aggregated from Electoral Democracy (v2x_polyarchy) and Deliberative Component (v2xdl_delib). Formula: 0.25 * v2x_polyarchy^1.585 + 0.25 * v2xdl_delib + 0.5 * v2x_polyarchy^1.585 * v2xdl_delib."
v2x_delibdem_codelow,Lower bound (HPD Interval 68/70%) - Deliberative democracy index (D). Aggregated from Electoral Democracy (v2x_polyarchy) and Deliberative Component (v2xdl_delib). Formula: 0.25 * v2x_polyarchy^1.585 + 0.25 * v2xdl_delib + 0.5 * v2x_polyarchy^1.585 * v2xdl_delib.
v2x_delibdem_codehigh,Upper bound (HPD Interval 68/70%) - Deliberative democracy index (D). Aggregated from Electoral Democracy (v2x_polyarchy) and Deliberative Component (v2xdl_delib). Formula: 0.25 * v2x_polyarchy^1.585 + 0.25 * v2xdl_delib + 0.5 * v2x_polyarchy^1.585 * v2xdl_delib.
v2x_delibdem_sd,Standard deviation of the posterior distribution - Deliberative democracy index (D). Aggregated from Electoral Democracy (v2x_polyarchy) and Deliberative Component (v2xdl_delib). Formula: 0.25 * v2x_polyarchy^1.585 + 0.25 * v2xdl_delib + 0.5 * v2x_polyarchy^1.585 * v2xdl_delib.
e_v2x_delibdem_3C,"Ordinalized version (3 Categories: 0, 0.5, 1.0) - Deliberative democracy index (D). Aggregated from Electoral Democracy (v2x_polyarchy) and Deliberative Component (v2xdl_delib). Formula: 0.25 * v2x_polyarchy^1.585 + 0.25 * v2xdl_delib + 0.5 * v2x_polyarchy^1.585 * v2xdl_delib."
e_v2x_delibdem_4C,"Ordinalized version (4 Categories: 0, 0.33, 0.67, 1.0) - Deliberative democracy index (D). Aggregated from Electoral Democracy (v2x_polyarchy) and Deliberative Component (v2xdl_delib). Formula: 0.25 * v2x_polyarchy^1.585 + 0.25 * v2xdl_delib + 0.5 * v2x_polyarchy^1.585 * v2xdl_delib."
e_v2x_delibdem_5C,"Ordinalized version (5 Categories: 0, 0.25, 0.50, 0.75, 1.0) - Deliberative democracy index (D). Aggregated from Electoral Democracy (v2x_polyarchy) and Deliberative Component (v2xdl_delib). Formula: 0.25 * v2x_polyarchy^1.585 + 0.25 * v2xdl_delib + 0.5 * v2x_polyarchy^1.585 * v2xdl_delib."
v2x_egaldem,"Index estimate (Point Estimate, Median value) - Egalitarian democracy index (D). Aggregated from Electoral Democracy (v2x_polyarchy) and Egalitarian Component (v2x_egal). Formula: 0.25 * v2x_polyarchy^1.585 + 0.25 * v2x_egal + 0.5 * v2x_polyarchy^1.585 * v2x_egal."
v2x_egaldem_codelow,Lower bound (HPD Interval 68/70%) - Egalitarian democracy index (D). Aggregated from Electoral Democracy (v2x_polyarchy) and Egalitarian Component (v2x_egal). Formula: 0.25 * v2x_polyarchy^1.585 + 0.25 * v2x_egal + 0.5 * v2x_polyarchy^1.585 * v2x_egal.
v2x_egaldem_codehigh,Upper bound (HPD Interval 68/70%) - Egalitarian democracy index (D). Aggregated from Electoral Democracy (v2x_polyarchy) and Egalitarian Component (v2x_egal). Formula: 0.25 * v2x_polyarchy^1.585 + 0.25 * v2x_egal + 0.5 * v2x_polyarchy^1.585 * v2x_egal.
v2x_egaldem_sd,Standard deviation of the posterior distribution - Egalitarian democracy index (D). Aggregated from Electoral Democracy (v2x_polyarchy) and Egalitarian Component (v2x_egal). Formula: 0.25 * v2x_polyarchy^1.585 + 0.25 * v2x_egal + 0.5 * v2x_polyarchy^1.585 * v2x_egal.
e_v2x_egaldem_3C,"Ordinalized version (3 Categories: 0, 0.5, 1.0) - Egalitarian democracy index (D). Aggregated from Electoral Democracy (v2x_polyarchy) and Egalitarian Component (v2x_egal). Formula: 0.25 * v2x_polyarchy^1.585 + 0.25 * v2x_egal + 0.5 * v2x_polyarchy^1.585 * v2x_egal."
e_v2x_egaldem_4C,"Ordinalized version (4 Categories: 0, 0.33, 0.67, 1.0) - Egalitarian democracy index (D). Aggregated from Electoral Democracy (v2x_polyarchy) and Egalitarian Component (v2x_egal). Formula: 0.25 * v2x_polyarchy^1.585 + 0.25 * v2x_egal + 0.5 * v2x_polyarchy^1.585 * v2x_egal."
e_v2x_egaldem_5C,"Ordinalized version (5 Categories: 0, 0.25, 0.50, 0.75, 1.0) - Egalitarian democracy index (D). Aggregated from Electoral Democracy (v2x_polyarchy) and Egalitarian Component (v2x_egal). Formula: 0.25 * v2x_polyarchy^1.585 + 0.25 * v2x_egal + 0.5 * v2x_polyarchy^1.585 * v2x_egal."
v2x_api,"Index estimate (Point Estimate, Median value) - Additive polyarchy index (D). Weighted average of five polyarchy sub-components. Formula: 0.25 * v2x_frassoc_thick + 0.25 * v2xel_frefair + 0.25 * v2x_freexp_altinf + 0.125 * v2x_elecoff + 0.125 * v2x_suffr."
v2x_api_codelow,Lower bound (HPD Interval 68/70%) - Additive polyarchy index (D). Weighted average of five polyarchy sub-components. Formula: 0.25 * v2x_frassoc_thick + 0.25 * v2xel_frefair + 0.25 * v2x_freexp_altinf + 0.125 * v2x_elecoff + 0.125 * v2x_suffr.
v2x_api_codehigh,Upper bound (HPD Interval 68/70%) - Additive polyarchy index (D). Weighted average of five polyarchy sub-components. Formula: 0.25 * v2x_frassoc_thick + 0.25 * v2xel_frefair + 0.25 * v2x_freexp_altinf + 0.125 * v2x_elecoff + 0.125 * v2x_suffr.
v2x_api_sd,Standard deviation of the posterior distribution - Additive polyarchy index (D). Weighted average of five polyarchy sub-components. Formula: 0.25 * v2x_frassoc_thick + 0.25 * v2xel_frefair + 0.25 * v2x_freexp_altinf + 0.125 * v2x_elecoff + 0.125 * v2x_suffr.
e_v2x_api_3C,"Ordinalized version (3 Categories: 0, 0.5, 1.0) - Additive polyarchy index (D). Weighted average of five polyarchy sub-components. Formula: 0.25 * v2x_frassoc_thick + 0.25 * v2xel_frefair + 0.25 * v2x_freexp_altinf + 0.125 * v2x_elecoff + 0.125 * v2x_suffr."
e_v2x_api_4C,"Ordinalized version (4 Categories: 0, 0.33, 0.67, 1.0) - Additive polyarchy index (D). Weighted average of five polyarchy sub-components. Formula: 0.25 * v2x_frassoc_thick + 0.25 * v2xel_frefair + 0.25 * v2x_freexp_altinf + 0.125 * v2x_elecoff + 0.125 * v2x_suffr."
e_v2x_api_5C,"Ordinalized version (5 Categories: 0, 0.25, 0.50, 0.75, 1.0) - Additive polyarchy index (D). Weighted average of five polyarchy sub-components. Formula: 0.25 * v2x_frassoc_thick + 0.25 * v2xel_frefair + 0.25 * v2x_freexp_altinf + 0.125 * v2x_elecoff + 0.125 * v2x_suffr."
v2x_mpi,"Index estimate (Point Estimate, Median value) - Multiplicative polyarchy index (D). Multiplicative chain of five polyarchy sub-components. Formula: v2x_frassoc_thick * v2xel_frefair * v2x_freexp_altinf * v2x_elecoff * v2x_suffr."
v2x_mpi_codelow,Lower bound (HPD Interval 68/70%) - Multiplicative polyarchy index (D). Multiplicative chain of five polyarchy sub-components. Formula: v2x_frassoc_thick * v2xel_frefair * v2x_freexp_altinf * v2x_elecoff * v2x_suffr.
v2x_mpi_codehigh,Upper bound (HPD Interval 68/70%) - Multiplicative polyarchy index (D). Multiplicative chain of five polyarchy sub-components. Formula: v2x_frassoc_thick * v2xel_frefair * v2x_freexp_altinf * v2x_elecoff * v2x_suffr.
v2x_mpi_sd,Standard deviation of the posterior distribution - Multiplicative polyarchy index (D). Multiplicative chain of five polyarchy sub-components. Formula: v2x_frassoc_thick * v2xel_frefair * v2x_freexp_altinf * v2x_elecoff * v2x_suffr.
e_v2x_mpi_3C,"Ordinalized version (3 Categories: 0, 0.5, 1.0) - Multiplicative polyarchy index (D). Multiplicative chain of five polyarchy sub-components. Formula: v2x_frassoc_thick * v2xel_frefair * v2x_freexp_altinf * v2x_elecoff * v2x_suffr."
e_v2x_mpi_4C,"Ordinalized version (4 Categories: 0, 0.33, 0.67, 1.0) - Multiplicative polyarchy index (D). Multiplicative chain of five polyarchy sub-components. Formula: v2x_frassoc_thick * v2xel_frefair * v2x_freexp_altinf * v2x_elecoff * v2x_suffr."
e_v2x_mpi_5C,"Ordinalized version (5 Categories: 0, 0.25, 0.50, 0.75, 1.0) - Multiplicative polyarchy index (D). Multiplicative chain of five polyarchy sub-components. Formula: v2x_frassoc_thick * v2xel_frefair * v2x_freexp_altinf * v2x_elecoff * v2x_suffr."
v2x_freexp_altinf,"Index estimate (Point Estimate, Median value) - Freedom of Expression and Alternative Sources of Information index (D). Aggregated using Bayesian Factor Analysis (BFA) point estimates from media censorship (v2mecenefm), harassment of journalists (v2meharjrn), media bias (v2mebias), self-censorship (v2meslfcen), media critical (v2mecrit), media perspectives (v2merange), freedom of discussion for men/women (v2cldiscm/w), and academic freedom (v2clacfree)."
v2x_freexp_altinf_codelow,"Lower bound (HPD Interval 68/70%) - Freedom of Expression and Alternative Sources of Information index (D). Aggregated using Bayesian Factor Analysis (BFA) point estimates from media censorship (v2mecenefm), harassment of journalists (v2meharjrn), media bias (v2mebias), self-censorship (v2meslfcen), media critical (v2mecrit), media perspectives (v2merange), freedom of discussion for men/women (v2cldiscm/w), and academic freedom (v2clacfree)."
v2x_freexp_altinf_codehigh,"Upper bound (HPD Interval 68/70%) - Freedom of Expression and Alternative Sources of Information index (D). Aggregated using Bayesian Factor Analysis (BFA) point estimates from media censorship (v2mecenefm), harassment of journalists (v2meharjrn), media bias (v2mebias), self-censorship (v2meslfcen), media critical (v2mecrit), media perspectives (v2merange), freedom of discussion for men/women (v2cldiscm/w), and academic freedom (v2clacfree)."
v2x_freexp_altinf_sd,"Standard deviation of the posterior distribution - Freedom of Expression and Alternative Sources of Information index (D). Aggregated using Bayesian Factor Analysis (BFA) point estimates from media censorship (v2mecenefm), harassment of journalists (v2meharjrn), media bias (v2mebias), self-censorship (v2meslfcen), media critical (v2mecrit), media perspectives (v2merange), freedom of discussion for men/women (v2cldiscm/w), and academic freedom (v2clacfree)."
e_v2x_freexp_altinf_3C,"Ordinalized version (3 Categories: 0, 0.5, 1.0) - Freedom of Expression and Alternative Sources of Information index (D). Aggregated using Bayesian Factor Analysis (BFA) point estimates from media censorship (v2mecenefm), harassment of journalists (v2meharjrn), media bias (v2mebias), self-censorship (v2meslfcen), media critical (v2mecrit), media perspectives (v2merange), freedom of discussion for men/women (v2cldiscm/w), and academic freedom (v2clacfree)."
e_v2x_freexp_altinf_4C,"Ordinalized version (4 Categories: 0, 0.33, 0.67, 1.0) - Freedom of Expression and Alternative Sources of Information index (D). Aggregated using Bayesian Factor Analysis (BFA) point estimates from media censorship (v2mecenefm), harassment of journalists (v2meharjrn), media bias (v2mebias), self-censorship (v2meslfcen), media critical (v2mecrit), media perspectives (v2merange), freedom of discussion for men/women (v2cldiscm/w), and academic freedom (v2clacfree)."
e_v2x_freexp_altinf_5C,"Ordinalized version (5 Categories: 0, 0.25, 0.50, 0.75, 1.0) - Freedom of Expression and Alternative Sources of Information index (D). Aggregated using Bayesian Factor Analysis (BFA) point estimates from media censorship (v2mecenefm), harassment of journalists (v2meharjrn), media bias (v2mebias), self-censorship (v2meslfcen), media critical (v2mecrit), media perspectives (v2merange), freedom of discussion for men/women (v2cldiscm/w), and academic freedom (v2clacfree)."
v2x_frassoc_thick,"Index estimate (Point Estimate, Median value) - Freedom of association thick index (D). Aggregated using Bayesian Factor Analysis (BFA) point estimates from party ban (v2psparban), barriers to parties (v2psbars), opposition autonomy (v2psoppaut), elections multiparty (v2elmulpar), CSO entry/exit (v2cseeorgs), and CSO repression (v2csreprss)."
v2x_frassoc_thick_codelow,"Lower bound (HPD Interval 68/70%) - Freedom of association thick index (D). Aggregated using Bayesian Factor Analysis (BFA) point estimates from party ban (v2psparban), barriers to parties (v2psbars), opposition autonomy (v2psoppaut), elections multiparty (v2elmulpar), CSO entry/exit (v2cseeorgs), and CSO repression (v2csreprss)."
v2x_frassoc_thick_codehigh,"Upper bound (HPD Interval 68/70%) - Freedom of association thick index (D). Aggregated using Bayesian Factor Analysis (BFA) point estimates from party ban (v2psparban), barriers to parties (v2psbars), opposition autonomy (v2psoppaut), elections multiparty (v2elmulpar), CSO entry/exit (v2cseeorgs), and CSO repression (v2csreprss)."
v2x_frassoc_thick_sd,"Standard deviation of the posterior distribution - Freedom of association thick index (D). Aggregated using Bayesian Factor Analysis (BFA) point estimates from party ban (v2psparban), barriers to parties (v2psbars), opposition autonomy (v2psoppaut), elections multiparty (v2elmulpar), CSO entry/exit (v2cseeorgs), and CSO repression (v2csreprss)."
e_v2x_frassoc_thick_3C,"Ordinalized version (3 Categories: 0, 0.5, 1.0) - Freedom of association thick index (D). Aggregated using Bayesian Factor Analysis (BFA) point estimates from party ban (v2psparban), barriers to parties (v2psbars), opposition autonomy (v2psoppaut), elections multiparty (v2elmulpar), CSO entry/exit (v2cseeorgs), and CSO repression (v2csreprss)."
e_v2x_frassoc_thick_4C,"Ordinalized version (4 Categories: 0, 0.33, 0.67, 1.0) - Freedom of association thick index (D). Aggregated using Bayesian Factor Analysis (BFA) point estimates from party ban (v2psparban), barriers to parties (v2psbars), opposition autonomy (v2psoppaut), elections multiparty (v2elmulpar), CSO entry/exit (v2cseeorgs), and CSO repression (v2csreprss)."
e_v2x_frassoc_thick_5C,"Ordinalized version (5 Categories: 0, 0.25, 0.50, 0.75, 1.0) - Freedom of association thick index (D). Aggregated using Bayesian Factor Analysis (BFA) point estimates from party ban (v2psparban), barriers to parties (v2psbars), opposition autonomy (v2psoppaut), elections multiparty (v2elmulpar), CSO entry/exit (v2cseeorgs), and CSO repression (v2csreprss)."
v2x_suffr,"Index estimate (Point Estimate, Median value) - Share of population with suffrage: Persentase de jure populasi dewasa yang memiliki hak pilih."
v2x_suffr_codelow,Lower bound (HPD Interval 68/70%) - Share of population with suffrage: Persentase de jure populasi dewasa yang memiliki hak pilih.
v2x_suffr_codehigh,Upper bound (HPD Interval 68/70%) - Share of population with suffrage: Persentase de jure populasi dewasa yang memiliki hak pilih.
v2x_suffr_sd,Standard deviation of the posterior distribution - Share of population with suffrage: Persentase de jure populasi dewasa yang memiliki hak pilih.
e_v2x_suffr_3C,"Ordinalized version (3 Categories: 0, 0.5, 1.0) - Share of population with suffrage: Persentase de jure populasi dewasa yang memiliki hak pilih."
e_v2x_suffr_4C,"Ordinalized version (4 Categories: 0, 0.33, 0.67, 1.0) - Share of population with suffrage: Persentase de jure populasi dewasa yang memiliki hak pilih."
e_v2x_suffr_5C,"Ordinalized version (5 Categories: 0, 0.25, 0.50, 0.75, 1.0) - Share of population with suffrage: Persentase de jure populasi dewasa yang memiliki hak pilih."
v2xel_frefair,"Clean elections index (D). Aggregated using Bayesian Factor Analysis (BFA) point estimates from EMB autonomy (v2elembaut), EMB capacity (v2elembcap), voter registry (v2elrgstry), vote buying (v2elvotbuy), other voting irregularities (v2elirreg), government intimidation (v2elintim), non-state electoral violence (v2elpeace), and free & fair election (v2elfrfair)."
v2xel_frefair_codelow,"Lower bound (HPD Interval 68/70%) - Clean elections index (D). Aggregated using Bayesian Factor Analysis (BFA) point estimates from EMB autonomy (v2elembaut), EMB capacity (v2elembcap), voter registry (v2elrgstry), vote buying (v2elvotbuy), other voting irregularities (v2elirreg), government intimidation (v2elintim), non-state electoral violence (v2elpeace), and free & fair election (v2elfrfair)."
v2xel_frefair_codehigh,"Upper bound (HPD Interval 68/70%) - Clean elections index (D). Aggregated using Bayesian Factor Analysis (BFA) point estimates from EMB autonomy (v2elembaut), EMB capacity (v2elembcap), voter registry (v2elrgstry), vote buying (v2elvotbuy), other voting irregularities (v2elirreg), government intimidation (v2elintim), non-state electoral violence (v2elpeace), and free & fair election (v2elfrfair)."
v2xel_frefair_sd,"Standard deviation of the posterior distribution - Clean elections index (D). Aggregated using Bayesian Factor Analysis (BFA) point estimates from EMB autonomy (v2elembaut), EMB capacity (v2elembcap), voter registry (v2elrgstry), vote buying (v2elvotbuy), other voting irregularities (v2elirreg), government intimidation (v2elintim), non-state electoral violence (v2elpeace), and free & fair election (v2elfrfair)."
e_v2xel_frefair_3C,"Ordinalized version (3 Categories: 0, 0.5, 1.0) - Clean elections index (D). Aggregated using Bayesian Factor Analysis (BFA) point estimates from EMB autonomy (v2elembaut), EMB capacity (v2elembcap), voter registry (v2elrgstry), vote buying (v2elvotbuy), other voting irregularities (v2elirreg), government intimidation (v2elintim), non-state electoral violence (v2elpeace), and free & fair election (v2elfrfair)."
e_v2xel_frefair_4C,"Ordinalized version (4 Categories: 0, 0.33, 0.67, 1.0) - Clean elections index (D). Aggregated using Bayesian Factor Analysis (BFA) point estimates from EMB autonomy (v2elembaut), EMB capacity (v2elembcap), voter registry (v2elrgstry), vote buying (v2elvotbuy), other voting irregularities (v2elirreg), government intimidation (v2elintim), non-state electoral violence (v2elpeace), and free & fair election (v2elfrfair)."
e_v2xel_frefair_5C,"Ordinalized version (5 Categories: 0, 0.25, 0.50, 0.75, 1.0) - Clean elections index (D). Aggregated using Bayesian Factor Analysis (BFA) point estimates from EMB autonomy (v2elembaut), EMB capacity (v2elembcap), voter registry (v2elrgstry), vote buying (v2elvotbuy), other voting irregularities (v2elirreg), government intimidation (v2elintim), non-state electoral violence (v2elpeace), and free & fair election (v2elfrfair)."
v2x_elecoff,"Index estimate (Point Estimate, Median value) - Elected officials index (D). Measures if executive and legislature are selected via popular elections. Formula: hosw * max(a, b * c1) + hogw * max(a * d, b * c1 * d, e, b * c2). (If HOS is directly elected and chief executive: [hosw * max(a, b * c1) + hogw * max(a * d, b * c1 * d, e, b * c2) + b] / 2), where a = HOS directly elected (1) or not (0), b = legislature popularly elected, c1 = HOS appointed by legislature (1 or 0), c2 = HOG appointed by legislature (1 or 0), d = HOG appointed by HOS, e = HOG directly elected."
v2x_elecoff_codelow,"Lower bound (HPD Interval 68/70%) - Elected officials index (D). Measures if executive and legislature are selected via popular elections. Formula: hosw * max(a, b * c1) + hogw * max(a * d, b * c1 * d, e, b * c2). (If HOS is directly elected and chief executive: [hosw * max(a, b * c1) + hogw * max(a * d, b * c1 * d, e, b * c2) + b] / 2), where a = HOS directly elected (1) or not (0), b = legislature popularly elected, c1 = HOS appointed by legislature (1 or 0), c2 = HOG appointed by legislature (1 or 0), d = HOG appointed by HOS, e = HOG directly elected."
v2x_elecoff_codehigh,"Upper bound (HPD Interval 68/70%) - Elected officials index (D). Measures if executive and legislature are selected via popular elections. Formula: hosw * max(a, b * c1) + hogw * max(a * d, b * c1 * d, e, b * c2). (If HOS is directly elected and chief executive: [hosw * max(a, b * c1) + hogw * max(a * d, b * c1 * d, e, b * c2) + b] / 2), where a = HOS directly elected (1) or not (0), b = legislature popularly elected, c1 = HOS appointed by legislature (1 or 0), c2 = HOG appointed by legislature (1 or 0), d = HOG appointed by HOS, e = HOG directly elected."
v2x_elecoff_sd,"Standard deviation of the posterior distribution - Elected officials index (D). Measures if executive and legislature are selected via popular elections. Formula: hosw * max(a, b * c1) + hogw * max(a * d, b * c1 * d, e, b * c2). (If HOS is directly elected and chief executive: [hosw * max(a, b * c1) + hogw * max(a * d, b * c1 * d, e, b * c2) + b] / 2), where a = HOS directly elected (1) or not (0), b = legislature popularly elected, c1 = HOS appointed by legislature (1 or 0), c2 = HOG appointed by legislature (1 or 0), d = HOG appointed by HOS, e = HOG directly elected."
e_v2x_elecoff_3C,"Ordinalized version (3 Categories: 0, 0.5, 1.0) - Elected officials index (D). Measures if executive and legislature are selected via popular elections. Formula: hosw * max(a, b * c1) + hogw * max(a * d, b * c1 * d, e, b * c2). (If HOS is directly elected and chief executive: [hosw * max(a, b * c1) + hogw * max(a * d, b * c1 * d, e, b * c2) + b] / 2), where a = HOS directly elected (1) or not (0), b = legislature popularly elected, c1 = HOS appointed by legislature (1 or 0), c2 = HOG appointed by legislature (1 or 0), d = HOG appointed by HOS, e = HOG directly elected."
e_v2x_elecoff_4C,"Ordinalized version (4 Categories: 0, 0.33, 0.67, 1.0) - Elected officials index (D). Measures if executive and legislature are selected via popular elections. Formula: hosw * max(a, b * c1) + hogw * max(a * d, b * c1 * d, e, b * c2). (If HOS is directly elected and chief executive: [hosw * max(a, b * c1) + hogw * max(a * d, b * c1 * d, e, b * c2) + b] / 2), where a = HOS directly elected (1) or not (0), b = legislature popularly elected, c1 = HOS appointed by legislature (1 or 0), c2 = HOG appointed by legislature (1 or 0), d = HOG appointed by HOS, e = HOG directly elected."
e_v2x_elecoff_5C,"Ordinalized version (5 Categories: 0, 0.25, 0.50, 0.75, 1.0) - Elected officials index (D). Measures if executive and legislature are selected via popular elections. Formula: hosw * max(a, b * c1) + hogw * max(a * d, b * c1 * d, e, b * c2). (If HOS is directly elected and chief executive: [hosw * max(a, b * c1) + hogw * max(a * d, b * c1 * d, e, b * c2) + b] / 2), where a = HOS directly elected (1) or not (0), b = legislature popularly elected, c1 = HOS appointed by legislature (1 or 0), c2 = HOG appointed by legislature (1 or 0), d = HOG appointed by HOS, e = HOG directly elected."
v2x_liberal,"Index estimate (Point Estimate, Median value) - Liberal component index (D). Straight average of three liberal sub-components. Formula: (v2xcl_rol + v2x_jucon + v2xlg_legcon) / 3. (Note: v2xlg_legcon is set to 0 if legislature v2lgbicam is 0)."
v2x_liberal_codelow,Lower bound (HPD Interval 68/70%) - Liberal component index (D). Straight average of three liberal sub-components. Formula: (v2xcl_rol + v2x_jucon + v2xlg_legcon) / 3. (Note: v2xlg_legcon is set to 0 if legislature v2lgbicam is 0).
v2x_liberal_codehigh,Upper bound (HPD Interval 68/70%) - Liberal component index (D). Straight average of three liberal sub-components. Formula: (v2xcl_rol + v2x_jucon + v2xlg_legcon) / 3. (Note: v2xlg_legcon is set to 0 if legislature v2lgbicam is 0).
v2x_liberal_sd,Standard deviation of the posterior distribution - Liberal component index (D). Straight average of three liberal sub-components. Formula: (v2xcl_rol + v2x_jucon + v2xlg_legcon) / 3. (Note: v2xlg_legcon is set to 0 if legislature v2lgbicam is 0).
e_v2x_liberal_3C,"Ordinalized version (3 Categories: 0, 0.5, 1.0) - Liberal component index (D). Straight average of three liberal sub-components. Formula: (v2xcl_rol + v2x_jucon + v2xlg_legcon) / 3. (Note: v2xlg_legcon is set to 0 if legislature v2lgbicam is 0)."
e_v2x_liberal_4C,"Ordinalized version (4 Categories: 0, 0.33, 0.67, 1.0) - Liberal component index (D). Straight average of three liberal sub-components. Formula: (v2xcl_rol + v2x_jucon + v2xlg_legcon) / 3. (Note: v2xlg_legcon is set to 0 if legislature v2lgbicam is 0)."
e_v2x_liberal_5C,"Ordinalized version (5 Categories: 0, 0.25, 0.50, 0.75, 1.0) - Liberal component index (D). Straight average of three liberal sub-components. Formula: (v2xcl_rol + v2x_jucon + v2xlg_legcon) / 3. (Note: v2xlg_legcon is set to 0 if legislature v2lgbicam is 0)."
v2xcl_rol,"Equality before the law and individual liberty index (D). Aggregated using Bayesian Factor Analysis (BFA) point estimates from rigorous administration (v2clrspct), transparent laws (v2cltrnslw), access to justice (v2clacjstm/w), property rights (v2clprptym/w), freedom from torture (v2cltort), political killings (v2clkill), forced labor (v2clslavem/f), religion (v2clrelig), foreign movement (v2clfmove), and domestic movement (v2cldmovem/w)."
v2xcl_rol_codelow,"Lower bound (HPD Interval 68/70%) - Equality before the law and individual liberty index (D). Aggregated using Bayesian Factor Analysis (BFA) point estimates from rigorous administration (v2clrspct), transparent laws (v2cltrnslw), access to justice (v2clacjstm/w), property rights (v2clprptym/w), freedom from torture (v2cltort), political killings (v2clkill), forced labor (v2clslavem/f), religion (v2clrelig), foreign movement (v2clfmove), and domestic movement (v2cldmovem/w)."
v2xcl_rol_codehigh,"Upper bound (HPD Interval 68/70%) - Equality before the law and individual liberty index (D). Aggregated using Bayesian Factor Analysis (BFA) point estimates from rigorous administration (v2clrspct), transparent laws (v2cltrnslw), access to justice (v2clacjstm/w), property rights (v2clprptym/w), freedom from torture (v2cltort), political killings (v2clkill), forced labor (v2clslavem/f), religion (v2clrelig), foreign movement (v2clfmove), and domestic movement (v2cldmovem/w)."
v2xcl_rol_sd,"Standard deviation of the posterior distribution - Equality before the law and individual liberty index (D). Aggregated using Bayesian Factor Analysis (BFA) point estimates from rigorous administration (v2clrspct), transparent laws (v2cltrnslw), access to justice (v2clacjstm/w), property rights (v2clprptym/w), freedom from torture (v2cltort), political killings (v2clkill), forced labor (v2clslavem/f), religion (v2clrelig), foreign movement (v2clfmove), and domestic movement (v2cldmovem/w)."
e_v2xcl_rol_3C,"Ordinalized version (3 Categories: 0, 0.5, 1.0) - Equality before the law and individual liberty index (D). Aggregated using Bayesian Factor Analysis (BFA) point estimates from rigorous administration (v2clrspct), transparent laws (v2cltrnslw), access to justice (v2clacjstm/w), property rights (v2clprptym/w), freedom from torture (v2cltort), political killings (v2clkill), forced labor (v2clslavem/f), religion (v2clrelig), foreign movement (v2clfmove), and domestic movement (v2cldmovem/w)."
e_v2xcl_rol_4C,"Ordinalized version (4 Categories: 0, 0.33, 0.67, 1.0) - Equality before the law and individual liberty index (D). Aggregated using Bayesian Factor Analysis (BFA) point estimates from rigorous administration (v2clrspct), transparent laws (v2cltrnslw), access to justice (v2clacjstm/w), property rights (v2clprptym/w), freedom from torture (v2cltort), political killings (v2clkill), forced labor (v2clslavem/f), religion (v2clrelig), foreign movement (v2clfmove), and domestic movement (v2cldmovem/w)."
e_v2xcl_rol_5C,"Ordinalized version (5 Categories: 0, 0.25, 0.50, 0.75, 1.0) - Equality before the law and individual liberty index (D). Aggregated using Bayesian Factor Analysis (BFA) point estimates from rigorous administration (v2clrspct), transparent laws (v2cltrnslw), access to justice (v2clacjstm/w), property rights (v2clprptym/w), freedom from torture (v2cltort), political killings (v2clkill), forced labor (v2clslavem/f), religion (v2clrelig), foreign movement (v2clfmove), and domestic movement (v2cldmovem/w)."
v2x_jucon,"Index estimate (Point Estimate, Median value) - Judicial constraints on the executive index (D). Aggregated using Bayesian Factor Analysis (BFA) point estimates from executive respects constitution (v2exrescon), compliance with judiciary (v2jucomp), compliance with high court (v2juhccomp), high court independence (v2juhcind), and lower court independence (v2juncind)."
v2x_jucon_codelow,"Lower bound (HPD Interval 68/70%) - Judicial constraints on the executive index (D). Aggregated using Bayesian Factor Analysis (BFA) point estimates from executive respects constitution (v2exrescon), compliance with judiciary (v2jucomp), compliance with high court (v2juhccomp), high court independence (v2juhcind), and lower court independence (v2juncind)."
v2x_jucon_codehigh,"Upper bound (HPD Interval 68/70%) - Judicial constraints on the executive index (D). Aggregated using Bayesian Factor Analysis (BFA) point estimates from executive respects constitution (v2exrescon), compliance with judiciary (v2jucomp), compliance with high court (v2juhccomp), high court independence (v2juhcind), and lower court independence (v2juncind)."
v2x_jucon_sd,"Standard deviation of the posterior distribution - Judicial constraints on the executive index (D). Aggregated using Bayesian Factor Analysis (BFA) point estimates from executive respects constitution (v2exrescon), compliance with judiciary (v2jucomp), compliance with high court (v2juhccomp), high court independence (v2juhcind), and lower court independence (v2juncind)."
e_v2x_jucon_3C,"Ordinalized version (3 Categories: 0, 0.5, 1.0) - Judicial constraints on the executive index (D). Aggregated using Bayesian Factor Analysis (BFA) point estimates from executive respects constitution (v2exrescon), compliance with judiciary (v2jucomp), compliance with high court (v2juhccomp), high court independence (v2juhcind), and lower court independence (v2juncind)."
e_v2x_jucon_4C,"Ordinalized version (4 Categories: 0, 0.33, 0.67, 1.0) - Judicial constraints on the executive index (D). Aggregated using Bayesian Factor Analysis (BFA) point estimates from executive respects constitution (v2exrescon), compliance with judiciary (v2jucomp), compliance with high court (v2juhccomp), high court independence (v2juhcind), and lower court independence (v2juncind)."
e_v2x_jucon_5C,"Ordinalized version (5 Categories: 0, 0.25, 0.50, 0.75, 1.0) - Judicial constraints on the executive index (D). Aggregated using Bayesian Factor Analysis (BFA) point estimates from executive respects constitution (v2exrescon), compliance with judiciary (v2jucomp), compliance with high court (v2juhccomp), high court independence (v2juhcind), and lower court independence (v2juncind)."
v2xlg_legcon,"Legislative constraints on the executive index (D). Aggregated using Bayesian Factor Analysis (BFA) point estimates from legislature questions officials (v2lgqstexp), executive oversight (v2lgotovst), legislature investigates (v2lginvstp), and legislative opposition parties (v2lgoppart)."
v2xlg_legcon_codelow,"Lower bound (HPD Interval 68/70%) - Legislative constraints on the executive index (D). Aggregated using Bayesian Factor Analysis (BFA) point estimates from legislature questions officials (v2lgqstexp), executive oversight (v2lgotovst), legislature investigates (v2lginvstp), and legislative opposition parties (v2lgoppart)."
v2xlg_legcon_codehigh,"Upper bound (HPD Interval 68/70%) - Legislative constraints on the executive index (D). Aggregated using Bayesian Factor Analysis (BFA) point estimates from legislature questions officials (v2lgqstexp), executive oversight (v2lgotovst), legislature investigates (v2lginvstp), and legislative opposition parties (v2lgoppart)."
v2xlg_legcon_sd,"Standard deviation of the posterior distribution - Legislative constraints on the executive index (D). Aggregated using Bayesian Factor Analysis (BFA) point estimates from legislature questions officials (v2lgqstexp), executive oversight (v2lgotovst), legislature investigates (v2lginvstp), and legislative opposition parties (v2lgoppart)."
e_v2xlg_legcon_3C,"Ordinalized version (3 Categories: 0, 0.5, 1.0) - Legislative constraints on the executive index (D). Aggregated using Bayesian Factor Analysis (BFA) point estimates from legislature questions officials (v2lgqstexp), executive oversight (v2lgotovst), legislature investigates (v2lginvstp), and legislative opposition parties (v2lgoppart)."
e_v2xlg_legcon_4C,"Ordinalized version (4 Categories: 0, 0.33, 0.67, 1.0) - Legislative constraints on the executive index (D). Aggregated using Bayesian Factor Analysis (BFA) point estimates from legislature questions officials (v2lgqstexp), executive oversight (v2lgotovst), legislature investigates (v2lginvstp), and legislative opposition parties (v2lgoppart)."
e_v2xlg_legcon_5C,"Ordinalized version (5 Categories: 0, 0.25, 0.50, 0.75, 1.0) - Legislative constraints on the executive index (D). Aggregated using Bayesian Factor Analysis (BFA) point estimates from legislature questions officials (v2lgqstexp), executive oversight (v2lgotovst), legislature investigates (v2lginvstp), and legislative opposition parties (v2lgoppart)."
v2x_partip,"Index estimate (Point Estimate, Median value) - Participatory component index (D). Straight average of three participatory sub-components. Formula: (v2x_cspart + max(v2xel_locelec, v2xel_regelec) + v2xdd_dd) / 3."
v2x_partip_codelow,"Lower bound (HPD Interval 68/70%) - Participatory component index (D). Straight average of three participatory sub-components. Formula: (v2x_cspart + max(v2xel_locelec, v2xel_regelec) + v2xdd_dd) / 3."
v2x_partip_codehigh,"Upper bound (HPD Interval 68/70%) - Participatory component index (D). Straight average of three participatory sub-components. Formula: (v2x_cspart + max(v2xel_locelec, v2xel_regelec) + v2xdd_dd) / 3."
v2x_partip_sd,"Standard deviation of the posterior distribution - Participatory component index (D). Straight average of three participatory sub-components. Formula: (v2x_cspart + max(v2xel_locelec, v2xel_regelec) + v2xdd_dd) / 3."
e_v2x_partip_3C,"Ordinalized version (3 Categories: 0, 0.5, 1.0) - Participatory component index (D). Straight average of three participatory sub-components. Formula: (v2x_cspart + max(v2xel_locelec, v2xel_regelec) + v2xdd_dd) / 3."
e_v2x_partip_4C,"Ordinalized version (4 Categories: 0, 0.33, 0.67, 1.0) - Participatory component index (D). Straight average of three participatory sub-components. Formula: (v2x_cspart + max(v2xel_locelec, v2xel_regelec) + v2xdd_dd) / 3."
e_v2x_partip_5C,"Ordinalized version (5 Categories: 0, 0.25, 0.50, 0.75, 1.0) - Participatory component index (D). Straight average of three participatory sub-components. Formula: (v2x_cspart + max(v2xel_locelec, v2xel_regelec) + v2xdd_dd) / 3."
v2x_cspart,"Index estimate (Point Estimate, Median value) - Civil society participation index (D). Aggregated using Bayesian Factor Analysis (BFA) point estimates from candidate selection centrality (v2pscnslnl), CSO consultation (v2cscnsult), CSO participatory environment (v2csprtcpt), and CSO women's participation (v2csgender)."
v2x_cspart_codelow,"Lower bound (HPD Interval 68/70%) - Civil society participation index (D). Aggregated using Bayesian Factor Analysis (BFA) point estimates from candidate selection centrality (v2pscnslnl), CSO consultation (v2cscnsult), CSO participatory environment (v2csprtcpt), and CSO women's participation (v2csgender)."
v2x_cspart_codehigh,"Upper bound (HPD Interval 68/70%) - Civil society participation index (D). Aggregated using Bayesian Factor Analysis (BFA) point estimates from candidate selection centrality (v2pscnslnl), CSO consultation (v2cscnsult), CSO participatory environment (v2csprtcpt), and CSO women's participation (v2csgender)."
v2x_cspart_sd,"Standard deviation of the posterior distribution - Civil society participation index (D). Aggregated using Bayesian Factor Analysis (BFA) point estimates from candidate selection centrality (v2pscnslnl), CSO consultation (v2cscnsult), CSO participatory environment (v2csprtcpt), and CSO women's participation (v2csgender)."
e_v2x_cspart_3C,"Ordinalized version (3 Categories: 0, 0.5, 1.0) - Civil society participation index (D). Aggregated using Bayesian Factor Analysis (BFA) point estimates from candidate selection centrality (v2pscnslnl), CSO consultation (v2cscnsult), CSO participatory environment (v2csprtcpt), and CSO women's participation (v2csgender)."
e_v2x_cspart_4C,"Ordinalized version (4 Categories: 0, 0.33, 0.67, 1.0) - Civil society participation index (D). Aggregated using Bayesian Factor Analysis (BFA) point estimates from candidate selection centrality (v2pscnslnl), CSO consultation (v2cscnsult), CSO participatory environment (v2csprtcpt), and CSO women's participation (v2csgender)."
e_v2x_cspart_5C,"Ordinalized version (5 Categories: 0, 0.25, 0.50, 0.75, 1.0) - Civil society participation index (D). Aggregated using Bayesian Factor Analysis (BFA) point estimates from candidate selection centrality (v2pscnslnl), CSO consultation (v2cscnsult), CSO participatory environment (v2csprtcpt), and CSO women's participation (v2csgender)."
v2xdd_dd,Direct popular vote index (D). Weighted sum of four direct democracy sub-indices. Formula: ((v2xdd_i_ci) * 1.5 + (v2xdd_i_rf) * 1.5 + v2xdd_i_pl + v2xdd_i_or) / 8 (normalized to 0-1 range).
v2xdd_dd_codelow,Lower bound (HPD Interval 68/70%) - Direct popular vote index (D). Weighted sum of four direct democracy sub-indices. Formula: ((v2xdd_i_ci) * 1.5 + (v2xdd_i_rf) * 1.5 + v2xdd_i_pl + v2xdd_i_or) / 8 (normalized to 0-1 range).
v2xdd_dd_codehigh,Upper bound (HPD Interval 68/70%) - Direct popular vote index (D). Weighted sum of four direct democracy sub-indices. Formula: ((v2xdd_i_ci) * 1.5 + (v2xdd_i_rf) * 1.5 + v2xdd_i_pl + v2xdd_i_or) / 8 (normalized to 0-1 range).
v2xdd_dd_sd,Standard deviation of the posterior distribution - Direct popular vote index (D). Weighted sum of four direct democracy sub-indices. Formula: ((v2xdd_i_ci) * 1.5 + (v2xdd_i_rf) * 1.5 + v2xdd_i_pl + v2xdd_i_or) / 8 (normalized to 0-1 range).
e_v2xdd_dd_3C,"Ordinalized version (3 Categories: 0, 0.5, 1.0) - Direct popular vote index (D). Weighted sum of four direct democracy sub-indices. Formula: ((v2xdd_i_ci) * 1.5 + (v2xdd_i_rf) * 1.5 + v2xdd_i_pl + v2xdd_i_or) / 8 (normalized to 0-1 range)."
e_v2xdd_dd_4C,"Ordinalized version (4 Categories: 0, 0.33, 0.67, 1.0) - Direct popular vote index (D). Weighted sum of four direct democracy sub-indices. Formula: ((v2xdd_i_ci) * 1.5 + (v2xdd_i_rf) * 1.5 + v2xdd_i_pl + v2xdd_i_or) / 8 (normalized to 0-1 range)."
e_v2xdd_dd_5C,"Ordinalized version (5 Categories: 0, 0.25, 0.50, 0.75, 1.0) - Direct popular vote index (D). Weighted sum of four direct democracy sub-indices. Formula: ((v2xdd_i_ci) * 1.5 + (v2xdd_i_rf) * 1.5 + v2xdd_i_pl + v2xdd_i_or) / 8 (normalized to 0-1 range)."
v2xel_locelec,Local government index (D). Multiplicative index of local elections and relative office power. Formula: v2ellocelc_scaled * v2ellocpwr_scaled. (Set to 0 if local government exists variable v2ellocgov is 0).
v2xel_locelec_codelow,Lower bound (HPD Interval 68/70%) - Local government index (D). Multiplicative index of local elections and relative office power. Formula: v2ellocelc_scaled * v2ellocpwr_scaled. (Set to 0 if local government exists variable v2ellocgov is 0).
v2xel_locelec_codehigh,Upper bound (HPD Interval 68/70%) - Local government index (D). Multiplicative index of local elections and relative office power. Formula: v2ellocelc_scaled * v2ellocpwr_scaled. (Set to 0 if local government exists variable v2ellocgov is 0).
v2xel_locelec_sd,Standard deviation of the posterior distribution - Local government index (D). Multiplicative index of local elections and relative office power. Formula: v2ellocelc_scaled * v2ellocpwr_scaled. (Set to 0 if local government exists variable v2ellocgov is 0).
e_v2xel_locelec_3C,"Ordinalized version (3 Categories: 0, 0.5, 1.0) - Local government index (D). Multiplicative index of local elections and relative office power. Formula: v2ellocelc_scaled * v2ellocpwr_scaled. (Set to 0 if local government exists variable v2ellocgov is 0)."
e_v2xel_locelec_4C,"Ordinalized version (4 Categories: 0, 0.33, 0.67, 1.0) - Local government index (D). Multiplicative index of local elections and relative office power. Formula: v2ellocelc_scaled * v2ellocpwr_scaled. (Set to 0 if local government exists variable v2ellocgov is 0)."
e_v2xel_locelec_5C,"Ordinalized version (5 Categories: 0, 0.25, 0.50, 0.75, 1.0) - Local government index (D). Multiplicative index of local elections and relative office power. Formula: v2ellocelc_scaled * v2ellocpwr_scaled. (Set to 0 if local government exists variable v2ellocgov is 0)."
v2xel_regelec,Regional government index (D). Multiplicative index of regional elections and relative office power. Formula: v2elsrgel_scaled * v2elrgpwr_scaled. (Set to 0 if regional government exists variable v2elreggov is 0).
v2xel_regelec_codelow,Lower bound (HPD Interval 68/70%) - Regional government index (D). Multiplicative index of regional elections and relative office power. Formula: v2elsrgel_scaled * v2elrgpwr_scaled. (Set to 0 if regional government exists variable v2elreggov is 0).
v2xel_regelec_codehigh,Upper bound (HPD Interval 68/70%) - Regional government index (D). Multiplicative index of regional elections and relative office power. Formula: v2elsrgel_scaled * v2elrgpwr_scaled. (Set to 0 if regional government exists variable v2elreggov is 0).
v2xel_regelec_sd,Standard deviation of the posterior distribution - Regional government index (D). Multiplicative index of regional elections and relative office power. Formula: v2elsrgel_scaled * v2elrgpwr_scaled. (Set to 0 if regional government exists variable v2elreggov is 0).
e_v2xel_regelec_3C,"Ordinalized version (3 Categories: 0, 0.5, 1.0) - Regional government index (D). Multiplicative index of regional elections and relative office power. Formula: v2elsrgel_scaled * v2elrgpwr_scaled. (Set to 0 if regional government exists variable v2elreggov is 0)."
e_v2xel_regelec_4C,"Ordinalized version (4 Categories: 0, 0.33, 0.67, 1.0) - Regional government index (D). Multiplicative index of regional elections and relative office power. Formula: v2elsrgel_scaled * v2elrgpwr_scaled. (Set to 0 if regional government exists variable v2elreggov is 0)."
e_v2xel_regelec_5C,"Ordinalized version (5 Categories: 0, 0.25, 0.50, 0.75, 1.0) - Regional government index (D). Multiplicative index of regional elections and relative office power. Formula: v2elsrgel_scaled * v2elrgpwr_scaled. (Set to 0 if regional government exists variable v2elreggov is 0)."
v2xdl_delib,"Deliberative component index (D). Aggregated using Bayesian Factor Analysis (BFA) point estimates from five indicators: v2dlreason (reasoned justification), v2dlcommon (common good), v2dlcountr (respect counterarguments), v2dlconslt (range of consultation), and v2dlengage (engaged society)."
v2xdl_delib_codelow,"Lower bound (HPD Interval 68/70%) - Deliberative component index (D). Aggregated using Bayesian Factor Analysis (BFA) point estimates from five indicators: v2dlreason (reasoned justification), v2dlcommon (common good), v2dlcountr (respect counterarguments), v2dlconslt (range of consultation), and v2dlengage (engaged society)."
v2xdl_delib_codehigh,"Upper bound (HPD Interval 68/70%) - Deliberative component index (D). Aggregated using Bayesian Factor Analysis (BFA) point estimates from five indicators: v2dlreason (reasoned justification), v2dlcommon (common good), v2dlcountr (respect counterarguments), v2dlconslt (range of consultation), and v2dlengage (engaged society)."
v2xdl_delib_sd,"Standard deviation of the posterior distribution - Deliberative component index (D). Aggregated using Bayesian Factor Analysis (BFA) point estimates from five indicators: v2dlreason (reasoned justification), v2dlcommon (common good), v2dlcountr (respect counterarguments), v2dlconslt (range of consultation), and v2dlengage (engaged society)."
e_v2xdl_delib_3C,"Ordinalized version (3 Categories: 0, 0.5, 1.0) - Deliberative component index (D). Aggregated using Bayesian Factor Analysis (BFA) point estimates from five indicators: v2dlreason (reasoned justification), v2dlcommon (common good), v2dlcountr (respect counterarguments), v2dlconslt (range of consultation), and v2dlengage (engaged society)."
e_v2xdl_delib_4C,"Ordinalized version (4 Categories: 0, 0.33, 0.67, 1.0) - Deliberative component index (D). Aggregated using Bayesian Factor Analysis (BFA) point estimates from five indicators: v2dlreason (reasoned justification), v2dlcommon (common good), v2dlcountr (respect counterarguments), v2dlconslt (range of consultation), and v2dlengage (engaged society)."
e_v2xdl_delib_5C,"Ordinalized version (5 Categories: 0, 0.25, 0.50, 0.75, 1.0) - Deliberative component index (D). Aggregated using Bayesian Factor Analysis (BFA) point estimates from five indicators: v2dlreason (reasoned justification), v2dlcommon (common good), v2dlcountr (respect counterarguments), v2dlconslt (range of consultation), and v2dlengage (engaged society)."
v2x_egal,"Index estimate (Point Estimate, Median value) - Egalitarian component index (D). Straight average of three egalitarian sub-components. Formula: (v2xeg_eqprotec + v2xeg_eqaccess + v2xeg_eqdr) / 3."
v2x_egal_codelow,Lower bound (HPD Interval 68/70%) - Egalitarian component index (D). Straight average of three egalitarian sub-components. Formula: (v2xeg_eqprotec + v2xeg_eqaccess + v2xeg_eqdr) / 3.
v2x_egal_codehigh,Upper bound (HPD Interval 68/70%) - Egalitarian component index (D). Straight average of three egalitarian sub-components. Formula: (v2xeg_eqprotec + v2xeg_eqaccess + v2xeg_eqdr) / 3.
v2x_egal_sd,Standard deviation of the posterior distribution - Egalitarian component index (D). Straight average of three egalitarian sub-components. Formula: (v2xeg_eqprotec + v2xeg_eqaccess + v2xeg_eqdr) / 3.
e_v2x_egal_3C,"Ordinalized version (3 Categories: 0, 0.5, 1.0) - Egalitarian component index (D). Straight average of three egalitarian sub-components. Formula: (v2xeg_eqprotec + v2xeg_eqaccess + v2xeg_eqdr) / 3."
e_v2x_egal_4C,"Ordinalized version (4 Categories: 0, 0.33, 0.67, 1.0) - Egalitarian component index (D). Straight average of three egalitarian sub-components. Formula: (v2xeg_eqprotec + v2xeg_eqaccess + v2xeg_eqdr) / 3."
e_v2x_egal_5C,"Ordinalized version (5 Categories: 0, 0.25, 0.50, 0.75, 1.0) - Egalitarian component index (D). Straight average of three egalitarian sub-components. Formula: (v2xeg_eqprotec + v2xeg_eqaccess + v2xeg_eqdr) / 3."
v2xeg_eqprotec,"Equal protection index (D). Aggregated using Bayesian Factor Analysis (BFA) point estimates from social class equality in civil liberties (v2clacjust), social group equality in civil liberties (v2clsocgrp), and percentage of population with weaker civil liberties (v2clsnlpct)."
v2xeg_eqprotec_codelow,"Lower bound (HPD Interval 68/70%) - Equal protection index (D). Aggregated using Bayesian Factor Analysis (BFA) point estimates from social class equality in civil liberties (v2clacjust), social group equality in civil liberties (v2clsocgrp), and percentage of population with weaker civil liberties (v2clsnlpct)."
v2xeg_eqprotec_codehigh,"Upper bound (HPD Interval 68/70%) - Equal protection index (D). Aggregated using Bayesian Factor Analysis (BFA) point estimates from social class equality in civil liberties (v2clacjust), social group equality in civil liberties (v2clsocgrp), and percentage of population with weaker civil liberties (v2clsnlpct)."
v2xeg_eqprotec_sd,"Standard deviation of the posterior distribution - Equal protection index (D). Aggregated using Bayesian Factor Analysis (BFA) point estimates from social class equality in civil liberties (v2clacjust), social group equality in civil liberties (v2clsocgrp), and percentage of population with weaker civil liberties (v2clsnlpct)."
e_v2xeg_eqprotec_3C,"Ordinalized version (3 Categories: 0, 0.5, 1.0) - Equal protection index (D). Aggregated using Bayesian Factor Analysis (BFA) point estimates from social class equality in civil liberties (v2clacjust), social group equality in civil liberties (v2clsocgrp), and percentage of population with weaker civil liberties (v2clsnlpct)."
e_v2xeg_eqprotec_4C,"Ordinalized version (4 Categories: 0, 0.33, 0.67, 1.0) - Equal protection index (D). Aggregated using Bayesian Factor Analysis (BFA) point estimates from social class equality in civil liberties (v2clacjust), social group equality in civil liberties (v2clsocgrp), and percentage of population with weaker civil liberties (v2clsnlpct)."
e_v2xeg_eqprotec_5C,"Ordinalized version (5 Categories: 0, 0.25, 0.50, 0.75, 1.0) - Equal protection index (D). Aggregated using Bayesian Factor Analysis (BFA) point estimates from social class equality in civil liberties (v2clacjust), social group equality in civil liberties (v2clsocgrp), and percentage of population with weaker civil liberties (v2clsnlpct)."
v2xeg_eqaccess,"Equal access index (D). Aggregated using Bayesian Factor Analysis (BFA) point estimates from power distribution by socioeconomic position (v2pepwrses), social group (v2pepwrsoc), and gender (v2pepwrgen)."
v2xeg_eqaccess_codelow,"Lower bound (HPD Interval 68/70%) - Equal access index (D). Aggregated using Bayesian Factor Analysis (BFA) point estimates from power distribution by socioeconomic position (v2pepwrses), social group (v2pepwrsoc), and gender (v2pepwrgen)."
v2xeg_eqaccess_codehigh,"Upper bound (HPD Interval 68/70%) - Equal access index (D). Aggregated using Bayesian Factor Analysis (BFA) point estimates from power distribution by socioeconomic position (v2pepwrses), social group (v2pepwrsoc), and gender (v2pepwrgen)."
v2xeg_eqaccess_sd,"Standard deviation of the posterior distribution - Equal access index (D). Aggregated using Bayesian Factor Analysis (BFA) point estimates from power distribution by socioeconomic position (v2pepwrses), social group (v2pepwrsoc), and gender (v2pepwrgen)."
e_v2xeg_eqaccess_3C,"Ordinalized version (3 Categories: 0, 0.5, 1.0) - Equal access index (D). Aggregated using Bayesian Factor Analysis (BFA) point estimates from power distribution by socioeconomic position (v2pepwrses), social group (v2pepwrsoc), and gender (v2pepwrgen)."
e_v2xeg_eqaccess_4C,"Ordinalized version (4 Categories: 0, 0.33, 0.67, 1.0) - Equal access index (D). Aggregated using Bayesian Factor Analysis (BFA) point estimates from power distribution by socioeconomic position (v2pepwrses), social group (v2pepwrsoc), and gender (v2pepwrgen)."
e_v2xeg_eqaccess_5C,"Ordinalized version (5 Categories: 0, 0.25, 0.50, 0.75, 1.0) - Equal access index (D). Aggregated using Bayesian Factor Analysis (BFA) point estimates from power distribution by socioeconomic position (v2pepwrses), social group (v2pepwrsoc), and gender (v2pepwrgen)."
v2xeg_eqdr,"Equal distribution of resources index (D). Aggregated using Bayesian Factor Analysis (BFA) point estimates from spending profiles (v2dlencmps), welfare policies (v2dlunivl), educational equality (v2peedueq), and health equality (v2pehealth)."
v2xeg_eqdr_codelow,"Lower bound (HPD Interval 68/70%) - Equal distribution of resources index (D). Aggregated using Bayesian Factor Analysis (BFA) point estimates from spending profiles (v2dlencmps), welfare policies (v2dlunivl), educational equality (v2peedueq), and health equality (v2pehealth)."
v2xeg_eqdr_codehigh,"Upper bound (HPD Interval 68/70%) - Equal distribution of resources index (D). Aggregated using Bayesian Factor Analysis (BFA) point estimates from spending profiles (v2dlencmps), welfare policies (v2dlunivl), educational equality (v2peedueq), and health equality (v2pehealth)."
v2xeg_eqdr_sd,"Standard deviation of the posterior distribution - Equal distribution of resources index (D). Aggregated using Bayesian Factor Analysis (BFA) point estimates from spending profiles (v2dlencmps), welfare policies (v2dlunivl), educational equality (v2peedueq), and health equality (v2pehealth)."
e_v2xeg_eqdr_3C,"Ordinalized version (3 Categories: 0, 0.5, 1.0) - Equal distribution of resources index (D). Aggregated using Bayesian Factor Analysis (BFA) point estimates from spending profiles (v2dlencmps), welfare policies (v2dlunivl), educational equality (v2peedueq), and health equality (v2pehealth)."
e_v2xeg_eqdr_4C,"Ordinalized version (4 Categories: 0, 0.33, 0.67, 1.0) - Equal distribution of resources index (D). Aggregated using Bayesian Factor Analysis (BFA) point estimates from spending profiles (v2dlencmps), welfare policies (v2dlunivl), educational equality (v2peedueq), and health equality (v2pehealth)."
e_v2xeg_eqdr_5C,"Ordinalized version (5 Categories: 0, 0.25, 0.50, 0.75, 1.0) - Equal distribution of resources index (D). Aggregated using Bayesian Factor Analysis (BFA) point estimates from spending profiles (v2dlencmps), welfare policies (v2dlunivl), educational equality (v2peedueq), and health equality (v2pehealth)."
v2x_regime,"Index estimate (Point Estimate, Median value) - Regimes of the World (RoW): Klasifikasi rezim politik (Closed Autocracy, Electoral Autocracy, Electoral Democracy, Liberal Democracy)."
v2x_regime_codelow,"Lower bound (HPD Interval 68/70%) - Regimes of the World (RoW): Klasifikasi rezim politik (Closed Autocracy, Electoral Autocracy, Electoral Democracy, Liberal Democracy)."
v2x_regime_codehigh,"Upper bound (HPD Interval 68/70%) - Regimes of the World (RoW): Klasifikasi rezim politik (Closed Autocracy, Electoral Autocracy, Electoral Democracy, Liberal Democracy)."
v2x_regime_sd,"Standard deviation of the posterior distribution - Regimes of the World (RoW): Klasifikasi rezim politik (Closed Autocracy, Electoral Autocracy, Electoral Democracy, Liberal Democracy)."
e_v2x_regime_3C,"Ordinalized version (3 Categories: 0, 0.5, 1.0) - Regimes of the World (RoW): Klasifikasi rezim politik (Closed Autocracy, Electoral Autocracy, Electoral Democracy, Liberal Democracy)."
e_v2x_regime_4C,"Ordinalized version (4 Categories: 0, 0.33, 0.67, 1.0) - Regimes of the World (RoW): Klasifikasi rezim politik (Closed Autocracy, Electoral Autocracy, Electoral Democracy, Liberal Democracy)."
e_v2x_regime_5C,"Ordinalized version (5 Categories: 0, 0.25, 0.50, 0.75, 1.0) - Regimes of the World (RoW): Klasifikasi rezim politik (Closed Autocracy, Electoral Autocracy, Electoral Democracy, Liberal Democracy)."
v2x_accountability,"Index estimate (Point Estimate, Median value) - Accountability index (D). Aggregated via hierarchical latent variable analysis of Vertical (v2x_veracc), Horizontal (v2x_horacc), and Diagonal (v2x_diagacc) accountability indices."
v2x_accountability_codelow,"Lower bound (HPD Interval 68/70%) - Accountability index (D). Aggregated via hierarchical latent variable analysis of Vertical (v2x_veracc), Horizontal (v2x_horacc), and Diagonal (v2x_diagacc) accountability indices."
v2x_accountability_codehigh,"Upper bound (HPD Interval 68/70%) - Accountability index (D). Aggregated via hierarchical latent variable analysis of Vertical (v2x_veracc), Horizontal (v2x_horacc), and Diagonal (v2x_diagacc) accountability indices."
v2x_accountability_sd,"Standard deviation of the posterior distribution - Accountability index (D). Aggregated via hierarchical latent variable analysis of Vertical (v2x_veracc), Horizontal (v2x_horacc), and Diagonal (v2x_diagacc) accountability indices."
e_v2x_accountability_3C,"Ordinalized version (3 Categories: 0, 0.5, 1.0) - Accountability index (D). Aggregated via hierarchical latent variable analysis of Vertical (v2x_veracc), Horizontal (v2x_horacc), and Diagonal (v2x_diagacc) accountability indices."
e_v2x_accountability_4C,"Ordinalized version (4 Categories: 0, 0.33, 0.67, 1.0) - Accountability index (D). Aggregated via hierarchical latent variable analysis of Vertical (v2x_veracc), Horizontal (v2x_horacc), and Diagonal (v2x_diagacc) accountability indices."
e_v2x_accountability_5C,"Ordinalized version (5 Categories: 0, 0.25, 0.50, 0.75, 1.0) - Accountability index (D). Aggregated via hierarchical latent variable analysis of Vertical (v2x_veracc), Horizontal (v2x_horacc), and Diagonal (v2x_diagacc) accountability indices."
v2x_veracc,"Index estimate (Point Estimate, Median value) - Vertical accountability index (D). Aggregated via hierarchical latent variable analysis of indicators for multiparty elections, barriers to parties, CSO participatory environment, etc."
v2x_veracc_codelow,"Lower bound (HPD Interval 68/70%) - Vertical accountability index (D). Aggregated via hierarchical latent variable analysis of indicators for multiparty elections, barriers to parties, CSO participatory environment, etc."
v2x_veracc_codehigh,"Upper bound (HPD Interval 68/70%) - Vertical accountability index (D). Aggregated via hierarchical latent variable analysis of indicators for multiparty elections, barriers to parties, CSO participatory environment, etc."
v2x_veracc_sd,"Standard deviation of the posterior distribution - Vertical accountability index (D). Aggregated via hierarchical latent variable analysis of indicators for multiparty elections, barriers to parties, CSO participatory environment, etc."
e_v2x_veracc_3C,"Ordinalized version (3 Categories: 0, 0.5, 1.0) - Vertical accountability index (D). Aggregated via hierarchical latent variable analysis of indicators for multiparty elections, barriers to parties, CSO participatory environment, etc."
e_v2x_veracc_4C,"Ordinalized version (4 Categories: 0, 0.33, 0.67, 1.0) - Vertical accountability index (D). Aggregated via hierarchical latent variable analysis of indicators for multiparty elections, barriers to parties, CSO participatory environment, etc."
e_v2x_veracc_5C,"Ordinalized version (5 Categories: 0, 0.25, 0.50, 0.75, 1.0) - Vertical accountability index (D). Aggregated via hierarchical latent variable analysis of indicators for multiparty elections, barriers to parties, CSO participatory environment, etc."
v2x_diagacc,"Index estimate (Point Estimate, Median value) - Diagonal accountability index (D). Aggregated via hierarchical latent variable analysis of media censorship, harassment of journalists, CSO entry/exit, CSO repression, etc."
v2x_diagacc_codelow,"Lower bound (HPD Interval 68/70%) - Diagonal accountability index (D). Aggregated via hierarchical latent variable analysis of media censorship, harassment of journalists, CSO entry/exit, CSO repression, etc."
v2x_diagacc_codehigh,"Upper bound (HPD Interval 68/70%) - Diagonal accountability index (D). Aggregated via hierarchical latent variable analysis of media censorship, harassment of journalists, CSO entry/exit, CSO repression, etc."
v2x_diagacc_sd,"Standard deviation of the posterior distribution - Diagonal accountability index (D). Aggregated via hierarchical latent variable analysis of media censorship, harassment of journalists, CSO entry/exit, CSO repression, etc."
e_v2x_diagacc_3C,"Ordinalized version (3 Categories: 0, 0.5, 1.0) - Diagonal accountability index (D). Aggregated via hierarchical latent variable analysis of media censorship, harassment of journalists, CSO entry/exit, CSO repression, etc."
e_v2x_diagacc_4C,"Ordinalized version (4 Categories: 0, 0.33, 0.67, 1.0) - Diagonal accountability index (D). Aggregated via hierarchical latent variable analysis of media censorship, harassment of journalists, CSO entry/exit, CSO repression, etc."
e_v2x_diagacc_5C,"Ordinalized version (5 Categories: 0, 0.25, 0.50, 0.75, 1.0) - Diagonal accountability index (D). Aggregated via hierarchical latent variable analysis of media censorship, harassment of journalists, CSO entry/exit, CSO repression, etc."
v2x_horacc,"Index estimate (Point Estimate, Median value) - Horizontal accountability index (D). Aggregated via hierarchical latent variable analysis of judicial independence, legislative oversight, executive compliance, etc."
v2x_horacc_codelow,"Lower bound (HPD Interval 68/70%) - Horizontal accountability index (D). Aggregated via hierarchical latent variable analysis of judicial independence, legislative oversight, executive compliance, etc."
v2x_horacc_codehigh,"Upper bound (HPD Interval 68/70%) - Horizontal accountability index (D). Aggregated via hierarchical latent variable analysis of judicial independence, legislative oversight, executive compliance, etc."
v2x_horacc_sd,"Standard deviation of the posterior distribution - Horizontal accountability index (D). Aggregated via hierarchical latent variable analysis of judicial independence, legislative oversight, executive compliance, etc."
e_v2x_horacc_3C,"Ordinalized version (3 Categories: 0, 0.5, 1.0) - Horizontal accountability index (D). Aggregated via hierarchical latent variable analysis of judicial independence, legislative oversight, executive compliance, etc."
e_v2x_horacc_4C,"Ordinalized version (4 Categories: 0, 0.33, 0.67, 1.0) - Horizontal accountability index (D). Aggregated via hierarchical latent variable analysis of judicial independence, legislative oversight, executive compliance, etc."
e_v2x_horacc_5C,"Ordinalized version (5 Categories: 0, 0.25, 0.50, 0.75, 1.0) - Horizontal accountability index (D). Aggregated via hierarchical latent variable analysis of judicial independence, legislative oversight, executive compliance, etc."
v2x_neopat,"Index estimate (Point Estimate, Median value) - Neopatrimonial Rule Index: Sejauh mana negara dikelola dengan kewenangan personal (klientelisme, korupsi, presidensialisme)."
v2x_neopat_codelow,"Lower bound (HPD Interval 68/70%) - Neopatrimonial Rule Index: Sejauh mana negara dikelola dengan kewenangan personal (klientelisme, korupsi, presidensialisme)."
v2x_neopat_codehigh,"Upper bound (HPD Interval 68/70%) - Neopatrimonial Rule Index: Sejauh mana negara dikelola dengan kewenangan personal (klientelisme, korupsi, presidensialisme)."
v2x_neopat_sd,"Standard deviation of the posterior distribution - Neopatrimonial Rule Index: Sejauh mana negara dikelola dengan kewenangan personal (klientelisme, korupsi, presidensialisme)."
e_v2x_neopat_3C,"Ordinalized version (3 Categories: 0, 0.5, 1.0) - Neopatrimonial Rule Index: Sejauh mana negara dikelola dengan kewenangan personal (klientelisme, korupsi, presidensialisme)."
e_v2x_neopat_4C,"Ordinalized version (4 Categories: 0, 0.33, 0.67, 1.0) - Neopatrimonial Rule Index: Sejauh mana negara dikelola dengan kewenangan personal (klientelisme, korupsi, presidensialisme)."
e_v2x_neopat_5C,"Ordinalized version (5 Categories: 0, 0.25, 0.50, 0.75, 1.0) - Neopatrimonial Rule Index: Sejauh mana negara dikelola dengan kewenangan personal (klientelisme, korupsi, presidensialisme)."
v2xnp_client,"Index estimate (Point Estimate, Median value) - Clientelism Index: Tingkat klientelisme politik, pembelian suara, dan pertukaran keuntungan materi."
v2xnp_client_codelow,"Lower bound (HPD Interval 68/70%) - Clientelism Index: Tingkat klientelisme politik, pembelian suara, dan pertukaran keuntungan materi."
v2xnp_client_codehigh,"Upper bound (HPD Interval 68/70%) - Clientelism Index: Tingkat klientelisme politik, pembelian suara, dan pertukaran keuntungan materi."
v2xnp_client_sd,"Standard deviation of the posterior distribution - Clientelism Index: Tingkat klientelisme politik, pembelian suara, dan pertukaran keuntungan materi."
e_v2xnp_client_3C,"Ordinalized version (3 Categories: 0, 0.5, 1.0) - Clientelism Index: Tingkat klientelisme politik, pembelian suara, dan pertukaran keuntungan materi."
e_v2xnp_client_4C,"Ordinalized version (4 Categories: 0, 0.33, 0.67, 1.0) - Clientelism Index: Tingkat klientelisme politik, pembelian suara, dan pertukaran keuntungan materi."
e_v2xnp_client_5C,"Ordinalized version (5 Categories: 0, 0.25, 0.50, 0.75, 1.0) - Clientelism Index: Tingkat klientelisme politik, pembelian suara, dan pertukaran keuntungan materi."
v2xnp_pres,"Index estimate (Point Estimate, Median value) - Presidentialism Index: Konsentrasi kekuasaan di tangan eksekutif tanpa pengawasan memadai."
v2xnp_pres_codelow,Lower bound (HPD Interval 68/70%) - Presidentialism Index: Konsentrasi kekuasaan di tangan eksekutif tanpa pengawasan memadai.
v2xnp_pres_codehigh,Upper bound (HPD Interval 68/70%) - Presidentialism Index: Konsentrasi kekuasaan di tangan eksekutif tanpa pengawasan memadai.
v2xnp_pres_sd,Standard deviation of the posterior distribution - Presidentialism Index: Konsentrasi kekuasaan di tangan eksekutif tanpa pengawasan memadai.
e_v2xnp_pres_3C,"Ordinalized version (3 Categories: 0, 0.5, 1.0) - Presidentialism Index: Konsentrasi kekuasaan di tangan eksekutif tanpa pengawasan memadai."
e_v2xnp_pres_4C,"Ordinalized version (4 Categories: 0, 0.33, 0.67, 1.0) - Presidentialism Index: Konsentrasi kekuasaan di tangan eksekutif tanpa pengawasan memadai."
e_v2xnp_pres_5C,"Ordinalized version (5 Categories: 0, 0.25, 0.50, 0.75, 1.0) - Presidentialism Index: Konsentrasi kekuasaan di tangan eksekutif tanpa pengawasan memadai."
v2xnp_regcorr,"Index estimate (Point Estimate, Median value) - Regime corruption index: Korupsi yang merasuki elite politik dan aparatur negara secara sistemis."
v2xnp_regcorr_codelow,Lower bound (HPD Interval 68/70%) - Regime corruption index: Korupsi yang merasuki elite politik dan aparatur negara secara sistemis.
v2xnp_regcorr_codehigh,Upper bound (HPD Interval 68/70%) - Regime corruption index: Korupsi yang merasuki elite politik dan aparatur negara secara sistemis.
v2xnp_regcorr_sd,Standard deviation of the posterior distribution - Regime corruption index: Korupsi yang merasuki elite politik dan aparatur negara secara sistemis.
e_v2xnp_regcorr_3C,"Ordinalized version (3 Categories: 0, 0.5, 1.0) - Regime corruption index: Korupsi yang merasuki elite politik dan aparatur negara secara sistemis."
e_v2xnp_regcorr_4C,"Ordinalized version (4 Categories: 0, 0.33, 0.67, 1.0) - Regime corruption index: Korupsi yang merasuki elite politik dan aparatur negara secara sistemis."
e_v2xnp_regcorr_5C,"Ordinalized version (5 Categories: 0, 0.25, 0.50, 0.75, 1.0) - Regime corruption index: Korupsi yang merasuki elite politik dan aparatur negara secara sistemis."
v2x_civlib,"Index estimate (Point Estimate, Median value) - Civil liberties index: Indeks gabungan kebebasan pribadi, fisik, dan politik."
v2x_civlib_codelow,"Lower bound (HPD Interval 68/70%) - Civil liberties index: Indeks gabungan kebebasan pribadi, fisik, dan politik."
v2x_civlib_codehigh,"Upper bound (HPD Interval 68/70%) - Civil liberties index: Indeks gabungan kebebasan pribadi, fisik, dan politik."
v2x_civlib_sd,"Standard deviation of the posterior distribution - Civil liberties index: Indeks gabungan kebebasan pribadi, fisik, dan politik."
e_v2x_civlib_3C,"Ordinalized version (3 Categories: 0, 0.5, 1.0) - Civil liberties index: Indeks gabungan kebebasan pribadi, fisik, dan politik."
e_v2x_civlib_4C,"Ordinalized version (4 Categories: 0, 0.33, 0.67, 1.0) - Civil liberties index: Indeks gabungan kebebasan pribadi, fisik, dan politik."
e_v2x_civlib_5C,"Ordinalized version (5 Categories: 0, 0.25, 0.50, 0.75, 1.0) - Civil liberties index: Indeks gabungan kebebasan pribadi, fisik, dan politik."
v2x_clphy,"Index estimate (Point Estimate, Median value) - Physical violence index: Tingkat kebebasan warga dari pembunuhan politik, penyiksaan, dan kekerasan fisik oleh negara."
v2x_clphy_codelow,"Lower bound (HPD Interval 68/70%) - Physical violence index: Tingkat kebebasan warga dari pembunuhan politik, penyiksaan, dan kekerasan fisik oleh negara."
v2x_clphy_codehigh,"Upper bound (HPD Interval 68/70%) - Physical violence index: Tingkat kebebasan warga dari pembunuhan politik, penyiksaan, dan kekerasan fisik oleh negara."
v2x_clphy_sd,"Standard deviation of the posterior distribution - Physical violence index: Tingkat kebebasan warga dari pembunuhan politik, penyiksaan, dan kekerasan fisik oleh negara."
e_v2x_clphy_3C,"Ordinalized version (3 Categories: 0, 0.5, 1.0) - Physical violence index: Tingkat kebebasan warga dari pembunuhan politik, penyiksaan, dan kekerasan fisik oleh negara."
e_v2x_clphy_4C,"Ordinalized version (4 Categories: 0, 0.33, 0.67, 1.0) - Physical violence index: Tingkat kebebasan warga dari pembunuhan politik, penyiksaan, dan kekerasan fisik oleh negara."
e_v2x_clphy_5C,"Ordinalized version (5 Categories: 0, 0.25, 0.50, 0.75, 1.0) - Physical violence index: Tingkat kebebasan warga dari pembunuhan politik, penyiksaan, dan kekerasan fisik oleh negara."
v2x_clpol,"Index estimate (Point Estimate, Median value) - Political civil liberties index: Perlindungan kebebasan berekspresi, berkumpul, dan berserikat."
v2x_clpol_codelow,"Lower bound (HPD Interval 68/70%) - Political civil liberties index: Perlindungan kebebasan berekspresi, berkumpul, dan berserikat."
v2x_clpol_codehigh,"Upper bound (HPD Interval 68/70%) - Political civil liberties index: Perlindungan kebebasan berekspresi, berkumpul, dan berserikat."
v2x_clpol_sd,"Standard deviation of the posterior distribution - Political civil liberties index: Perlindungan kebebasan berekspresi, berkumpul, dan berserikat."
e_v2x_clpol_3C,"Ordinalized version (3 Categories: 0, 0.5, 1.0) - Political civil liberties index: Perlindungan kebebasan berekspresi, berkumpul, dan berserikat."
e_v2x_clpol_4C,"Ordinalized version (4 Categories: 0, 0.33, 0.67, 1.0) - Political civil liberties index: Perlindungan kebebasan berekspresi, berkumpul, dan berserikat."
e_v2x_clpol_5C,"Ordinalized version (5 Categories: 0, 0.25, 0.50, 0.75, 1.0) - Political civil liberties index: Perlindungan kebebasan berekspresi, berkumpul, dan berserikat."
v2x_clpriv,"Index estimate (Point Estimate, Median value) - Private civil liberties index: Perlindungan hak milik pribadi, kebebasan beragama, dan kebebasan bergerak."
v2x_clpriv_codelow,"Lower bound (HPD Interval 68/70%) - Private civil liberties index: Perlindungan hak milik pribadi, kebebasan beragama, dan kebebasan bergerak."
v2x_clpriv_codehigh,"Upper bound (HPD Interval 68/70%) - Private civil liberties index: Perlindungan hak milik pribadi, kebebasan beragama, dan kebebasan bergerak."
v2x_clpriv_sd,"Standard deviation of the posterior distribution - Private civil liberties index: Perlindungan hak milik pribadi, kebebasan beragama, dan kebebasan bergerak."
e_v2x_clpriv_3C,"Ordinalized version (3 Categories: 0, 0.5, 1.0) - Private civil liberties index: Perlindungan hak milik pribadi, kebebasan beragama, dan kebebasan bergerak."
e_v2x_clpriv_4C,"Ordinalized version (4 Categories: 0, 0.33, 0.67, 1.0) - Private civil liberties index: Perlindungan hak milik pribadi, kebebasan beragama, dan kebebasan bergerak."
e_v2x_clpriv_5C,"Ordinalized version (5 Categories: 0, 0.25, 0.50, 0.75, 1.0) - Private civil liberties index: Perlindungan hak milik pribadi, kebebasan beragama, dan kebebasan bergerak."
v2xcs_ccsi,"Core civil society index (D). Aggregated using Bayesian Factor Analysis (BFA) from CSO entry and exit (v2cseeorgs), CSO repression (v2csreprss), and CSO participatory environment (v2csprtcpt)."
v2xcs_ccsi_codelow,"Lower bound (HPD Interval 68/70%) - Core civil society index (D). Aggregated using Bayesian Factor Analysis (BFA) from CSO entry and exit (v2cseeorgs), CSO repression (v2csreprss), and CSO participatory environment (v2csprtcpt)."
v2xcs_ccsi_codehigh,"Upper bound (HPD Interval 68/70%) - Core civil society index (D). Aggregated using Bayesian Factor Analysis (BFA) from CSO entry and exit (v2cseeorgs), CSO repression (v2csreprss), and CSO participatory environment (v2csprtcpt)."
v2xcs_ccsi_sd,"Standard deviation of the posterior distribution - Core civil society index (D). Aggregated using Bayesian Factor Analysis (BFA) from CSO entry and exit (v2cseeorgs), CSO repression (v2csreprss), and CSO participatory environment (v2csprtcpt)."
e_v2xcs_ccsi_3C,"Ordinalized version (3 Categories: 0, 0.5, 1.0) - Core civil society index (D). Aggregated using Bayesian Factor Analysis (BFA) from CSO entry and exit (v2cseeorgs), CSO repression (v2csreprss), and CSO participatory environment (v2csprtcpt)."
e_v2xcs_ccsi_4C,"Ordinalized version (4 Categories: 0, 0.33, 0.67, 1.0) - Core civil society index (D). Aggregated using Bayesian Factor Analysis (BFA) from CSO entry and exit (v2cseeorgs), CSO repression (v2csreprss), and CSO participatory environment (v2csprtcpt)."
e_v2xcs_ccsi_5C,"Ordinalized version (5 Categories: 0, 0.25, 0.50, 0.75, 1.0) - Core civil society index (D). Aggregated using Bayesian Factor Analysis (BFA) from CSO entry and exit (v2cseeorgs), CSO repression (v2csreprss), and CSO participatory environment (v2csprtcpt)."
v2x_elecreg,"Index estimate (Point Estimate, Median value) - Electoral regime index: Keberadaan rezim pemilu yang kompetitif de facto."
v2x_elecreg_codelow,Lower bound (HPD Interval 68/70%) - Electoral regime index: Keberadaan rezim pemilu yang kompetitif de facto.
v2x_elecreg_codehigh,Upper bound (HPD Interval 68/70%) - Electoral regime index: Keberadaan rezim pemilu yang kompetitif de facto.
v2x_elecreg_sd,Standard deviation of the posterior distribution - Electoral regime index: Keberadaan rezim pemilu yang kompetitif de facto.
e_v2x_elecreg_3C,"Ordinalized version (3 Categories: 0, 0.5, 1.0) - Electoral regime index: Keberadaan rezim pemilu yang kompetitif de facto."
e_v2x_elecreg_4C,"Ordinalized version (4 Categories: 0, 0.33, 0.67, 1.0) - Electoral regime index: Keberadaan rezim pemilu yang kompetitif de facto."
e_v2x_elecreg_5C,"Ordinalized version (5 Categories: 0, 0.25, 0.50, 0.75, 1.0) - Electoral regime index: Keberadaan rezim pemilu yang kompetitif de facto."
v2xex_elecreg,"Index estimate (Point Estimate, Median value) - Executive electoral regime index: Keberadaan pemilu eksekutif yang kompetitif de facto."
v2xex_elecreg_codelow,Lower bound (HPD Interval 68/70%) - Executive electoral regime index: Keberadaan pemilu eksekutif yang kompetitif de facto.
v2xex_elecreg_codehigh,Upper bound (HPD Interval 68/70%) - Executive electoral regime index: Keberadaan pemilu eksekutif yang kompetitif de facto.
v2xex_elecreg_sd,Standard deviation of the posterior distribution - Executive electoral regime index: Keberadaan pemilu eksekutif yang kompetitif de facto.
e_v2xex_elecreg_3C,"Ordinalized version (3 Categories: 0, 0.5, 1.0) - Executive electoral regime index: Keberadaan pemilu eksekutif yang kompetitif de facto."
e_v2xex_elecreg_4C,"Ordinalized version (4 Categories: 0, 0.33, 0.67, 1.0) - Executive electoral regime index: Keberadaan pemilu eksekutif yang kompetitif de facto."
e_v2xex_elecreg_5C,"Ordinalized version (5 Categories: 0, 0.25, 0.50, 0.75, 1.0) - Executive electoral regime index: Keberadaan pemilu eksekutif yang kompetitif de facto."
v2xlg_elecreg,"Index estimate (Point Estimate, Median value) - Legislative electoral regime index: Keberadaan pemilu legislatif yang kompetitif de facto."
v2xlg_elecreg_codelow,Lower bound (HPD Interval 68/70%) - Legislative electoral regime index: Keberadaan pemilu legislatif yang kompetitif de facto.
v2xlg_elecreg_codehigh,Upper bound (HPD Interval 68/70%) - Legislative electoral regime index: Keberadaan pemilu legislatif yang kompetitif de facto.
v2xlg_elecreg_sd,Standard deviation of the posterior distribution - Legislative electoral regime index: Keberadaan pemilu legislatif yang kompetitif de facto.
e_v2xlg_elecreg_3C,"Ordinalized version (3 Categories: 0, 0.5, 1.0) - Legislative electoral regime index: Keberadaan pemilu legislatif yang kompetitif de facto."
e_v2xlg_elecreg_4C,"Ordinalized version (4 Categories: 0, 0.33, 0.67, 1.0) - Legislative electoral regime index: Keberadaan pemilu legislatif yang kompetitif de facto."
e_v2xlg_elecreg_5C,"Ordinalized version (5 Categories: 0, 0.25, 0.50, 0.75, 1.0) - Legislative electoral regime index: Keberadaan pemilu legislatif yang kompetitif de facto."
v2x_EDcomp_thick,"Index estimate (Point Estimate, Median value) - Electoral component index (D). Aggregated via mixed additive-multiplicative formula of four sub-components: Formula: 0.125 * v2x_frassoc_thick + 0.125 * v2x_suffr + 0.125 * v2xel_frefair + 0.125 * v2x_elecoff + 0.5 * (v2x_frassoc_thick * v2x_suffr * v2xel_frefair * v2x_elecoff)."
v2x_EDcomp_thick_codelow,Lower bound (HPD Interval 68/70%) - Electoral component index (D). Aggregated via mixed additive-multiplicative formula of four sub-components: Formula: 0.125 * v2x_frassoc_thick + 0.125 * v2x_suffr + 0.125 * v2xel_frefair + 0.125 * v2x_elecoff + 0.5 * (v2x_frassoc_thick * v2x_suffr * v2xel_frefair * v2x_elecoff).
v2x_EDcomp_thick_codehigh,Upper bound (HPD Interval 68/70%) - Electoral component index (D). Aggregated via mixed additive-multiplicative formula of four sub-components: Formula: 0.125 * v2x_frassoc_thick + 0.125 * v2x_suffr + 0.125 * v2xel_frefair + 0.125 * v2x_elecoff + 0.5 * (v2x_frassoc_thick * v2x_suffr * v2xel_frefair * v2x_elecoff).
v2x_EDcomp_thick_sd,Standard deviation of the posterior distribution - Electoral component index (D). Aggregated via mixed additive-multiplicative formula of four sub-components: Formula: 0.125 * v2x_frassoc_thick + 0.125 * v2x_suffr + 0.125 * v2xel_frefair + 0.125 * v2x_elecoff + 0.5 * (v2x_frassoc_thick * v2x_suffr * v2xel_frefair * v2x_elecoff).
e_v2x_EDcomp_thick_3C,"Ordinalized version (3 Categories: 0, 0.5, 1.0) - Electoral component index (D). Aggregated via mixed additive-multiplicative formula of four sub-components: Formula: 0.125 * v2x_frassoc_thick + 0.125 * v2x_suffr + 0.125 * v2xel_frefair + 0.125 * v2x_elecoff + 0.5 * (v2x_frassoc_thick * v2x_suffr * v2xel_frefair * v2x_elecoff)."
e_v2x_EDcomp_thick_4C,"Ordinalized version (4 Categories: 0, 0.33, 0.67, 1.0) - Electoral component index (D). Aggregated via mixed additive-multiplicative formula of four sub-components: Formula: 0.125 * v2x_frassoc_thick + 0.125 * v2x_suffr + 0.125 * v2xel_frefair + 0.125 * v2x_elecoff + 0.5 * (v2x_frassoc_thick * v2x_suffr * v2xel_frefair * v2x_elecoff)."
e_v2x_EDcomp_thick_5C,"Ordinalized version (5 Categories: 0, 0.25, 0.50, 0.75, 1.0) - Electoral component index (D). Aggregated via mixed additive-multiplicative formula of four sub-components: Formula: 0.125 * v2x_frassoc_thick + 0.125 * v2x_suffr + 0.125 * v2xel_frefair + 0.125 * v2x_elecoff + 0.5 * (v2x_frassoc_thick * v2x_suffr * v2xel_frefair * v2x_elecoff)."
v2x_freexp,"Index estimate (Point Estimate, Median value) - Freedom of expression index (D). Aggregated using Bayesian Factor Analysis (BFA) from media censorship (v2mecenefm), journalist harassment (v2meharjrn), self-censorship (v2meslfcen), critical media (v2mecrit), and media perspectives (v2merange)."
v2x_freexp_codelow,"Lower bound (HPD Interval 68/70%) - Freedom of expression index (D). Aggregated using Bayesian Factor Analysis (BFA) from media censorship (v2mecenefm), journalist harassment (v2meharjrn), self-censorship (v2meslfcen), critical media (v2mecrit), and media perspectives (v2merange)."
v2x_freexp_codehigh,"Upper bound (HPD Interval 68/70%) - Freedom of expression index (D). Aggregated using Bayesian Factor Analysis (BFA) from media censorship (v2mecenefm), journalist harassment (v2meharjrn), self-censorship (v2meslfcen), critical media (v2mecrit), and media perspectives (v2merange)."
v2x_freexp_sd,"Standard deviation of the posterior distribution - Freedom of expression index (D). Aggregated using Bayesian Factor Analysis (BFA) from media censorship (v2mecenefm), journalist harassment (v2meharjrn), self-censorship (v2meslfcen), critical media (v2mecrit), and media perspectives (v2merange)."
e_v2x_freexp_3C,"Ordinalized version (3 Categories: 0, 0.5, 1.0) - Freedom of expression index (D). Aggregated using Bayesian Factor Analysis (BFA) from media censorship (v2mecenefm), journalist harassment (v2meharjrn), self-censorship (v2meslfcen), critical media (v2mecrit), and media perspectives (v2merange)."
e_v2x_freexp_4C,"Ordinalized version (4 Categories: 0, 0.33, 0.67, 1.0) - Freedom of expression index (D). Aggregated using Bayesian Factor Analysis (BFA) from media censorship (v2mecenefm), journalist harassment (v2meharjrn), self-censorship (v2meslfcen), critical media (v2mecrit), and media perspectives (v2merange)."
e_v2x_freexp_5C,"Ordinalized version (5 Categories: 0, 0.25, 0.50, 0.75, 1.0) - Freedom of expression index (D). Aggregated using Bayesian Factor Analysis (BFA) from media censorship (v2mecenefm), journalist harassment (v2meharjrn), self-censorship (v2meslfcen), critical media (v2mecrit), and media perspectives (v2merange)."
v2xcl_disc,Freedom of discussion index (D). Straight average of freedom of discussion for men (v2cldiscm) and women (v2cldiscw). Formula: (v2cldiscm + v2cldiscw) / 2.
v2xcl_disc_codelow,Lower bound (HPD Interval 68/70%) - Freedom of discussion index (D). Straight average of freedom of discussion for men (v2cldiscm) and women (v2cldiscw). Formula: (v2cldiscm + v2cldiscw) / 2.
v2xcl_disc_codehigh,Upper bound (HPD Interval 68/70%) - Freedom of discussion index (D). Straight average of freedom of discussion for men (v2cldiscm) and women (v2cldiscw). Formula: (v2cldiscm + v2cldiscw) / 2.
v2xcl_disc_sd,Standard deviation of the posterior distribution - Freedom of discussion index (D). Straight average of freedom of discussion for men (v2cldiscm) and women (v2cldiscw). Formula: (v2cldiscm + v2cldiscw) / 2.
e_v2xcl_disc_3C,"Ordinalized version (3 Categories: 0, 0.5, 1.0) - Freedom of discussion index (D). Straight average of freedom of discussion for men (v2cldiscm) and women (v2cldiscw). Formula: (v2cldiscm + v2cldiscw) / 2."
e_v2xcl_disc_4C,"Ordinalized version (4 Categories: 0, 0.33, 0.67, 1.0) - Freedom of discussion index (D). Straight average of freedom of discussion for men (v2cldiscm) and women (v2cldiscw). Formula: (v2cldiscm + v2cldiscw) / 2."
e_v2xcl_disc_5C,"Ordinalized version (5 Categories: 0, 0.25, 0.50, 0.75, 1.0) - Freedom of discussion index (D). Straight average of freedom of discussion for men (v2cldiscm) and women (v2cldiscw). Formula: (v2cldiscm + v2cldiscw) / 2."
v2xcl_dmove,Freedom of domestic movement index (D). Straight average of freedom of domestic movement for men (v2cldmovem) and women (v2cldmovew). Formula: (v2cldmovem + v2cldmovew) / 2.
v2xcl_dmove_codelow,Lower bound (HPD Interval 68/70%) - Freedom of domestic movement index (D). Straight average of freedom of domestic movement for men (v2cldmovem) and women (v2cldmovew). Formula: (v2cldmovem + v2cldmovew) / 2.
v2xcl_dmove_codehigh,Upper bound (HPD Interval 68/70%) - Freedom of domestic movement index (D). Straight average of freedom of domestic movement for men (v2cldmovem) and women (v2cldmovew). Formula: (v2cldmovem + v2cldmovew) / 2.
v2xcl_dmove_sd,Standard deviation of the posterior distribution - Freedom of domestic movement index (D). Straight average of freedom of domestic movement for men (v2cldmovem) and women (v2cldmovew). Formula: (v2cldmovem + v2cldmovew) / 2.
e_v2xcl_dmove_3C,"Ordinalized version (3 Categories: 0, 0.5, 1.0) - Freedom of domestic movement index (D). Straight average of freedom of domestic movement for men (v2cldmovem) and women (v2cldmovew). Formula: (v2cldmovem + v2cldmovew) / 2."
e_v2xcl_dmove_4C,"Ordinalized version (4 Categories: 0, 0.33, 0.67, 1.0) - Freedom of domestic movement index (D). Straight average of freedom of domestic movement for men (v2cldmovem) and women (v2cldmovew). Formula: (v2cldmovem + v2cldmovew) / 2."
e_v2xcl_dmove_5C,"Ordinalized version (5 Categories: 0, 0.25, 0.50, 0.75, 1.0) - Freedom of domestic movement index (D). Straight average of freedom of domestic movement for men (v2cldmovem) and women (v2cldmovew). Formula: (v2cldmovem + v2cldmovew) / 2."
v2xcl_slave,Freedom from forced labor index (D). Straight average of freedom from forced labor for men (v2clslavem) and women (v2clslavef). Formula: (v2clslavem + v2clslavef) / 2.
v2xcl_slave_codelow,Lower bound (HPD Interval 68/70%) - Freedom from forced labor index (D). Straight average of freedom from forced labor for men (v2clslavem) and women (v2clslavef). Formula: (v2clslavem + v2clslavef) / 2.
v2xcl_slave_codehigh,Upper bound (HPD Interval 68/70%) - Freedom from forced labor index (D). Straight average of freedom from forced labor for men (v2clslavem) and women (v2clslavef). Formula: (v2clslavem + v2clslavef) / 2.
v2xcl_slave_sd,Standard deviation of the posterior distribution - Freedom from forced labor index (D). Straight average of freedom from forced labor for men (v2clslavem) and women (v2clslavef). Formula: (v2clslavem + v2clslavef) / 2.
e_v2xcl_slave_3C,"Ordinalized version (3 Categories: 0, 0.5, 1.0) - Freedom from forced labor index (D). Straight average of freedom from forced labor for men (v2clslavem) and women (v2clslavef). Formula: (v2clslavem + v2clslavef) / 2."
e_v2xcl_slave_4C,"Ordinalized version (4 Categories: 0, 0.33, 0.67, 1.0) - Freedom from forced labor index (D). Straight average of freedom from forced labor for men (v2clslavem) and women (v2clslavef). Formula: (v2clslavem + v2clslavef) / 2."
e_v2xcl_slave_5C,"Ordinalized version (5 Categories: 0, 0.25, 0.50, 0.75, 1.0) - Freedom from forced labor index (D). Straight average of freedom from forced labor for men (v2clslavem) and women (v2clslavef). Formula: (v2clslavem + v2clslavef) / 2."
v2xps_party,"Party institutionalization index (D). Sum of scaled indicators for party organizations (v2psorgs), branches (v2psprbrch), linkages (v2psprlnks), platforms (v2psplats), and legislative party cohesion (v2pscohesv). Converted using standard normal CDF to 0-1 range."
v2xps_party_codelow,"Lower bound (HPD Interval 68/70%) - Party institutionalization index (D). Sum of scaled indicators for party organizations (v2psorgs), branches (v2psprbrch), linkages (v2psprlnks), platforms (v2psplats), and legislative party cohesion (v2pscohesv). Converted using standard normal CDF to 0-1 range."
v2xps_party_codehigh,"Upper bound (HPD Interval 68/70%) - Party institutionalization index (D). Sum of scaled indicators for party organizations (v2psorgs), branches (v2psprbrch), linkages (v2psprlnks), platforms (v2psplats), and legislative party cohesion (v2pscohesv). Converted using standard normal CDF to 0-1 range."
v2xps_party_sd,"Standard deviation of the posterior distribution - Party institutionalization index (D). Sum of scaled indicators for party organizations (v2psorgs), branches (v2psprbrch), linkages (v2psprlnks), platforms (v2psplats), and legislative party cohesion (v2pscohesv). Converted using standard normal CDF to 0-1 range."
e_v2xps_party_3C,"Ordinalized version (3 Categories: 0, 0.5, 1.0) - Party institutionalization index (D). Sum of scaled indicators for party organizations (v2psorgs), branches (v2psprbrch), linkages (v2psprlnks), platforms (v2psplats), and legislative party cohesion (v2pscohesv). Converted using standard normal CDF to 0-1 range."
e_v2xps_party_4C,"Ordinalized version (4 Categories: 0, 0.33, 0.67, 1.0) - Party institutionalization index (D). Sum of scaled indicators for party organizations (v2psorgs), branches (v2psprbrch), linkages (v2psprlnks), platforms (v2psplats), and legislative party cohesion (v2pscohesv). Converted using standard normal CDF to 0-1 range."
e_v2xps_party_5C,"Ordinalized version (5 Categories: 0, 0.25, 0.50, 0.75, 1.0) - Party institutionalization index (D). Sum of scaled indicators for party organizations (v2psorgs), branches (v2psprbrch), linkages (v2psprlnks), platforms (v2psplats), and legislative party cohesion (v2pscohesv). Converted using standard normal CDF to 0-1 range."
v2x_divparctrl,"Index estimate (Point Estimate, Median value) - Divided party control index: Tingkat pembagian kekuasaan partai di tingkat legislatif dan eksekutif."
v2x_divparctrl_codelow,Lower bound (HPD Interval 68/70%) - Divided party control index: Tingkat pembagian kekuasaan partai di tingkat legislatif dan eksekutif.
v2x_divparctrl_codehigh,Upper bound (HPD Interval 68/70%) - Divided party control index: Tingkat pembagian kekuasaan partai di tingkat legislatif dan eksekutif.
v2x_divparctrl_sd,Standard deviation of the posterior distribution - Divided party control index: Tingkat pembagian kekuasaan partai di tingkat legislatif dan eksekutif.
e_v2x_divparctrl_3C,"Ordinalized version (3 Categories: 0, 0.5, 1.0) - Divided party control index: Tingkat pembagian kekuasaan partai di tingkat legislatif dan eksekutif."
e_v2x_divparctrl_4C,"Ordinalized version (4 Categories: 0, 0.33, 0.67, 1.0) - Divided party control index: Tingkat pembagian kekuasaan partai di tingkat legislatif dan eksekutif."
e_v2x_divparctrl_5C,"Ordinalized version (5 Categories: 0, 0.25, 0.50, 0.75, 1.0) - Divided party control index: Tingkat pembagian kekuasaan partai di tingkat legislatif dan eksekutif."
v2x_feduni,"Index estimate (Point Estimate, Median value) - Division of power index: Tingkat pembagian kekuasaan wilayah/daerah secara otonom."
v2x_feduni_codelow,Lower bound (HPD Interval 68/70%) - Division of power index: Tingkat pembagian kekuasaan wilayah/daerah secara otonom.
v2x_feduni_codehigh,Upper bound (HPD Interval 68/70%) - Division of power index: Tingkat pembagian kekuasaan wilayah/daerah secara otonom.
v2x_feduni_sd,Standard deviation of the posterior distribution - Division of power index: Tingkat pembagian kekuasaan wilayah/daerah secara otonom.
e_v2x_feduni_3C,"Ordinalized version (3 Categories: 0, 0.5, 1.0) - Division of power index: Tingkat pembagian kekuasaan wilayah/daerah secara otonom."
e_v2x_feduni_4C,"Ordinalized version (4 Categories: 0, 0.33, 0.67, 1.0) - Division of power index: Tingkat pembagian kekuasaan wilayah/daerah secara otonom."
e_v2x_feduni_5C,"Ordinalized version (5 Categories: 0, 0.25, 0.50, 0.75, 1.0) - Division of power index: Tingkat pembagian kekuasaan wilayah/daerah secara otonom."
v2xca_academ,"Index estimate (Point Estimate, Median value) - Academic Freedom Index: Kebebasan mengajar, meneliti, integritas kampus, otonomi institusi, dan diseminasi ilmiah."
v2xca_academ_codelow,"Lower bound (HPD Interval 68/70%) - Academic Freedom Index: Kebebasan mengajar, meneliti, integritas kampus, otonomi institusi, dan diseminasi ilmiah."
v2xca_academ_codehigh,"Upper bound (HPD Interval 68/70%) - Academic Freedom Index: Kebebasan mengajar, meneliti, integritas kampus, otonomi institusi, dan diseminasi ilmiah."
v2xca_academ_sd,"Standard deviation of the posterior distribution - Academic Freedom Index: Kebebasan mengajar, meneliti, integritas kampus, otonomi institusi, dan diseminasi ilmiah."
e_v2xca_academ_3C,"Ordinalized version (3 Categories: 0, 0.5, 1.0) - Academic Freedom Index: Kebebasan mengajar, meneliti, integritas kampus, otonomi institusi, dan diseminasi ilmiah."
e_v2xca_academ_4C,"Ordinalized version (4 Categories: 0, 0.33, 0.67, 1.0) - Academic Freedom Index: Kebebasan mengajar, meneliti, integritas kampus, otonomi institusi, dan diseminasi ilmiah."
e_v2xca_academ_5C,"Ordinalized version (5 Categories: 0, 0.25, 0.50, 0.75, 1.0) - Academic Freedom Index: Kebebasan mengajar, meneliti, integritas kampus, otonomi institusi, dan diseminasi ilmiah."
v2x_electoral_integrity,"Index estimate (Point Estimate, Median value) - Electoral Integrity Index: Tingkat kejujuran, keadilan, dan akuntabilitas sistem pemilu."
v2x_electoral_integrity_codelow,"Lower bound (HPD Interval 68/70%) - Electoral Integrity Index: Tingkat kejujuran, keadilan, dan akuntabilitas sistem pemilu."
v2x_electoral_integrity_codehigh,"Upper bound (HPD Interval 68/70%) - Electoral Integrity Index: Tingkat kejujuran, keadilan, dan akuntabilitas sistem pemilu."
v2x_electoral_integrity_sd,"Standard deviation of the posterior distribution - Electoral Integrity Index: Tingkat kejujuran, keadilan, dan akuntabilitas sistem pemilu."
e_v2x_electoral_integrity_3C,"Ordinalized version (3 Categories: 0, 0.5, 1.0) - Electoral Integrity Index: Tingkat kejujuran, keadilan, dan akuntabilitas sistem pemilu."
e_v2x_electoral_integrity_4C,"Ordinalized version (4 Categories: 0, 0.33, 0.67, 1.0) - Electoral Integrity Index: Tingkat kejujuran, keadilan, dan akuntabilitas sistem pemilu."
e_v2x_electoral_integrity_5C,"Ordinalized version (5 Categories: 0, 0.25, 0.50, 0.75, 1.0) - Electoral Integrity Index: Tingkat kejujuran, keadilan, dan akuntabilitas sistem pemilu."
v2x_delibdem_stock,"Index estimate (Point Estimate, Median value) - Deliberative Democracy Stock (D). Accumulation of past deliberative democracy scores with a 1% annual depreciation rate rescaled to 0-1. Formula: 0.01 * Sum_{s=0}^{t-1} 0.99^{t-1-s} * v2x_delibdem_{i,s}."
v2x_delibdem_stock_codelow,"Lower bound (HPD Interval 68/70%) - Deliberative Democracy Stock (D). Accumulation of past deliberative democracy scores with a 1% annual depreciation rate rescaled to 0-1. Formula: 0.01 * Sum_{s=0}^{t-1} 0.99^{t-1-s} * v2x_delibdem_{i,s}."
v2x_delibdem_stock_codehigh,"Upper bound (HPD Interval 68/70%) - Deliberative Democracy Stock (D). Accumulation of past deliberative democracy scores with a 1% annual depreciation rate rescaled to 0-1. Formula: 0.01 * Sum_{s=0}^{t-1} 0.99^{t-1-s} * v2x_delibdem_{i,s}."
v2x_delibdem_stock_sd,"Standard deviation of the posterior distribution - Deliberative Democracy Stock (D). Accumulation of past deliberative democracy scores with a 1% annual depreciation rate rescaled to 0-1. Formula: 0.01 * Sum_{s=0}^{t-1} 0.99^{t-1-s} * v2x_delibdem_{i,s}."
e_v2x_delibdem_stock_3C,"Ordinalized version (3 Categories: 0, 0.5, 1.0) - Deliberative Democracy Stock (D). Accumulation of past deliberative democracy scores with a 1% annual depreciation rate rescaled to 0-1. Formula: 0.01 * Sum_{s=0}^{t-1} 0.99^{t-1-s} * v2x_delibdem_{i,s}."
e_v2x_delibdem_stock_4C,"Ordinalized version (4 Categories: 0, 0.33, 0.67, 1.0) - Deliberative Democracy Stock (D). Accumulation of past deliberative democracy scores with a 1% annual depreciation rate rescaled to 0-1. Formula: 0.01 * Sum_{s=0}^{t-1} 0.99^{t-1-s} * v2x_delibdem_{i,s}."
e_v2x_delibdem_stock_5C,"Ordinalized version (5 Categories: 0, 0.25, 0.50, 0.75, 1.0) - Deliberative Democracy Stock (D). Accumulation of past deliberative democracy scores with a 1% annual depreciation rate rescaled to 0-1. Formula: 0.01 * Sum_{s=0}^{t-1} 0.99^{t-1-s} * v2x_delibdem_{i,s}."
v2x_egaldem_stock,"Index estimate (Point Estimate, Median value) - Egalitarian Democracy Stock (D). Accumulation of past egalitarian democracy scores with a 1% annual depreciation rate rescaled to 0-1. Formula: 0.01 * Sum_{s=0}^{t-1} 0.99^{t-1-s} * v2x_egaldem_{i,s}."
v2x_egaldem_stock_codelow,"Lower bound (HPD Interval 68/70%) - Egalitarian Democracy Stock (D). Accumulation of past egalitarian democracy scores with a 1% annual depreciation rate rescaled to 0-1. Formula: 0.01 * Sum_{s=0}^{t-1} 0.99^{t-1-s} * v2x_egaldem_{i,s}."
v2x_egaldem_stock_codehigh,"Upper bound (HPD Interval 68/70%) - Egalitarian Democracy Stock (D). Accumulation of past egalitarian democracy scores with a 1% annual depreciation rate rescaled to 0-1. Formula: 0.01 * Sum_{s=0}^{t-1} 0.99^{t-1-s} * v2x_egaldem_{i,s}."
v2x_egaldem_stock_sd,"Standard deviation of the posterior distribution - Egalitarian Democracy Stock (D). Accumulation of past egalitarian democracy scores with a 1% annual depreciation rate rescaled to 0-1. Formula: 0.01 * Sum_{s=0}^{t-1} 0.99^{t-1-s} * v2x_egaldem_{i,s}."
e_v2x_egaldem_stock_3C,"Ordinalized version (3 Categories: 0, 0.5, 1.0) - Egalitarian Democracy Stock (D). Accumulation of past egalitarian democracy scores with a 1% annual depreciation rate rescaled to 0-1. Formula: 0.01 * Sum_{s=0}^{t-1} 0.99^{t-1-s} * v2x_egaldem_{i,s}."
e_v2x_egaldem_stock_4C,"Ordinalized version (4 Categories: 0, 0.33, 0.67, 1.0) - Egalitarian Democracy Stock (D). Accumulation of past egalitarian democracy scores with a 1% annual depreciation rate rescaled to 0-1. Formula: 0.01 * Sum_{s=0}^{t-1} 0.99^{t-1-s} * v2x_egaldem_{i,s}."
e_v2x_egaldem_stock_5C,"Ordinalized version (5 Categories: 0, 0.25, 0.50, 0.75, 1.0) - Egalitarian Democracy Stock (D). Accumulation of past egalitarian democracy scores with a 1% annual depreciation rate rescaled to 0-1. Formula: 0.01 * Sum_{s=0}^{t-1} 0.99^{t-1-s} * v2x_egaldem_{i,s}."
v2x_libdem_stock,"Index estimate (Point Estimate, Median value) - Liberal Democracy Stock (D). Accumulation of past liberal democracy scores with a 1% annual depreciation rate rescaled to 0-1. Formula: 0.01 * Sum_{s=0}^{t-1} 0.99^{t-1-s} * v2x_libdem_{i,s}."
v2x_libdem_stock_codelow,"Lower bound (HPD Interval 68/70%) - Liberal Democracy Stock (D). Accumulation of past liberal democracy scores with a 1% annual depreciation rate rescaled to 0-1. Formula: 0.01 * Sum_{s=0}^{t-1} 0.99^{t-1-s} * v2x_libdem_{i,s}."
v2x_libdem_stock_codehigh,"Upper bound (HPD Interval 68/70%) - Liberal Democracy Stock (D). Accumulation of past liberal democracy scores with a 1% annual depreciation rate rescaled to 0-1. Formula: 0.01 * Sum_{s=0}^{t-1} 0.99^{t-1-s} * v2x_libdem_{i,s}."
v2x_libdem_stock_sd,"Standard deviation of the posterior distribution - Liberal Democracy Stock (D). Accumulation of past liberal democracy scores with a 1% annual depreciation rate rescaled to 0-1. Formula: 0.01 * Sum_{s=0}^{t-1} 0.99^{t-1-s} * v2x_libdem_{i,s}."
e_v2x_libdem_stock_3C,"Ordinalized version (3 Categories: 0, 0.5, 1.0) - Liberal Democracy Stock (D). Accumulation of past liberal democracy scores with a 1% annual depreciation rate rescaled to 0-1. Formula: 0.01 * Sum_{s=0}^{t-1} 0.99^{t-1-s} * v2x_libdem_{i,s}."
e_v2x_libdem_stock_4C,"Ordinalized version (4 Categories: 0, 0.33, 0.67, 1.0) - Liberal Democracy Stock (D). Accumulation of past liberal democracy scores with a 1% annual depreciation rate rescaled to 0-1. Formula: 0.01 * Sum_{s=0}^{t-1} 0.99^{t-1-s} * v2x_libdem_{i,s}."
e_v2x_libdem_stock_5C,"Ordinalized version (5 Categories: 0, 0.25, 0.50, 0.75, 1.0) - Liberal Democracy Stock (D). Accumulation of past liberal democracy scores with a 1% annual depreciation rate rescaled to 0-1. Formula: 0.01 * Sum_{s=0}^{t-1} 0.99^{t-1-s} * v2x_libdem_{i,s}."
v2x_partipdem_stock,"Index estimate (Point Estimate, Median value) - Participatory Democracy Stock (D). Accumulation of past participatory democracy scores with a 1% annual depreciation rate rescaled to 0-1. Formula: 0.01 * Sum_{s=0}^{t-1} 0.99^{t-1-s} * v2x_partipdem_{i,s}."
v2x_partipdem_stock_codelow,"Lower bound (HPD Interval 68/70%) - Participatory Democracy Stock (D). Accumulation of past participatory democracy scores with a 1% annual depreciation rate rescaled to 0-1. Formula: 0.01 * Sum_{s=0}^{t-1} 0.99^{t-1-s} * v2x_partipdem_{i,s}."
v2x_partipdem_stock_codehigh,"Upper bound (HPD Interval 68/70%) - Participatory Democracy Stock (D). Accumulation of past participatory democracy scores with a 1% annual depreciation rate rescaled to 0-1. Formula: 0.01 * Sum_{s=0}^{t-1} 0.99^{t-1-s} * v2x_partipdem_{i,s}."
v2x_partipdem_stock_sd,"Standard deviation of the posterior distribution - Participatory Democracy Stock (D). Accumulation of past participatory democracy scores with a 1% annual depreciation rate rescaled to 0-1. Formula: 0.01 * Sum_{s=0}^{t-1} 0.99^{t-1-s} * v2x_partipdem_{i,s}."
e_v2x_partipdem_stock_3C,"Ordinalized version (3 Categories: 0, 0.5, 1.0) - Participatory Democracy Stock (D). Accumulation of past participatory democracy scores with a 1% annual depreciation rate rescaled to 0-1. Formula: 0.01 * Sum_{s=0}^{t-1} 0.99^{t-1-s} * v2x_partipdem_{i,s}."
e_v2x_partipdem_stock_4C,"Ordinalized version (4 Categories: 0, 0.33, 0.67, 1.0) - Participatory Democracy Stock (D). Accumulation of past participatory democracy scores with a 1% annual depreciation rate rescaled to 0-1. Formula: 0.01 * Sum_{s=0}^{t-1} 0.99^{t-1-s} * v2x_partipdem_{i,s}."
e_v2x_partipdem_stock_5C,"Ordinalized version (5 Categories: 0, 0.25, 0.50, 0.75, 1.0) - Participatory Democracy Stock (D). Accumulation of past participatory democracy scores with a 1% annual depreciation rate rescaled to 0-1. Formula: 0.01 * Sum_{s=0}^{t-1} 0.99^{t-1-s} * v2x_partipdem_{i,s}."
v2x_polyarchy_stock,"Index estimate (Point Estimate, Median value) - Electoral Democracy Stock (D). Accumulation of past electoral democracy scores with a 1% annual depreciation rate rescaled to 0-1. Formula: 0.01 * Sum_{s=0}^{t-1} 0.99^{t-1-s} * v2x_polyarchy_{i,s}."
v2x_polyarchy_stock_codelow,"Lower bound (HPD Interval 68/70%) - Electoral Democracy Stock (D). Accumulation of past electoral democracy scores with a 1% annual depreciation rate rescaled to 0-1. Formula: 0.01 * Sum_{s=0}^{t-1} 0.99^{t-1-s} * v2x_polyarchy_{i,s}."
v2x_polyarchy_stock_codehigh,"Upper bound (HPD Interval 68/70%) - Electoral Democracy Stock (D). Accumulation of past electoral democracy scores with a 1% annual depreciation rate rescaled to 0-1. Formula: 0.01 * Sum_{s=0}^{t-1} 0.99^{t-1-s} * v2x_polyarchy_{i,s}."
v2x_polyarchy_stock_sd,"Standard deviation of the posterior distribution - Electoral Democracy Stock (D). Accumulation of past electoral democracy scores with a 1% annual depreciation rate rescaled to 0-1. Formula: 0.01 * Sum_{s=0}^{t-1} 0.99^{t-1-s} * v2x_polyarchy_{i,s}."
e_v2x_polyarchy_stock_3C,"Ordinalized version (3 Categories: 0, 0.5, 1.0) - Electoral Democracy Stock (D). Accumulation of past electoral democracy scores with a 1% annual depreciation rate rescaled to 0-1. Formula: 0.01 * Sum_{s=0}^{t-1} 0.99^{t-1-s} * v2x_polyarchy_{i,s}."
e_v2x_polyarchy_stock_4C,"Ordinalized version (4 Categories: 0, 0.33, 0.67, 1.0) - Electoral Democracy Stock (D). Accumulation of past electoral democracy scores with a 1% annual depreciation rate rescaled to 0-1. Formula: 0.01 * Sum_{s=0}^{t-1} 0.99^{t-1-s} * v2x_polyarchy_{i,s}."
e_v2x_polyarchy_stock_5C,"Ordinalized version (5 Categories: 0, 0.25, 0.50, 0.75, 1.0) - Electoral Democracy Stock (D). Accumulation of past electoral democracy scores with a 1% annual depreciation rate rescaled to 0-1. Formula: 0.01 * Sum_{s=0}^{t-1} 0.99^{t-1-s} * v2x_polyarchy_{i,s}."
v2x_corr,"Index estimate (Point Estimate, Median value) - Political corruption index (D). Straight average of four government sector indices. Formula: (v2x_pubcorr + v2x_execorr + v2lgcrrpt + v2jucorrdc) / 4. (For countries without a legislature, straight average of public, executive, and judicial corruption indices)."
v2x_corr_codelow,"Lower bound (HPD Interval 68/70%) - Political corruption index (D). Straight average of four government sector indices. Formula: (v2x_pubcorr + v2x_execorr + v2lgcrrpt + v2jucorrdc) / 4. (For countries without a legislature, straight average of public, executive, and judicial corruption indices)."
v2x_corr_codehigh,"Upper bound (HPD Interval 68/70%) - Political corruption index (D). Straight average of four government sector indices. Formula: (v2x_pubcorr + v2x_execorr + v2lgcrrpt + v2jucorrdc) / 4. (For countries without a legislature, straight average of public, executive, and judicial corruption indices)."
v2x_corr_sd,"Standard deviation of the posterior distribution - Political corruption index (D). Straight average of four government sector indices. Formula: (v2x_pubcorr + v2x_execorr + v2lgcrrpt + v2jucorrdc) / 4. (For countries without a legislature, straight average of public, executive, and judicial corruption indices)."
v2x_corr_osp,"Linearized Original Scale Posterior Prediction - Political corruption index (D). Straight average of four government sector indices. Formula: (v2x_pubcorr + v2x_execorr + v2lgcrrpt + v2jucorrdc) / 4. (For countries without a legislature, straight average of public, executive, and judicial corruption indices)."
v2x_corr_osp_codelow,Lower bound of the original scale prediction (HPD Interval 70%) - Political corruption index: Tingkat korupsi politik di semua sektor kekuasaan (rata-rata 4 indeks korupsi).
v2x_corr_osp_codehigh,Upper bound of the original scale prediction (HPD Interval 70%) - Political corruption index: Tingkat korupsi politik di semua sektor kekuasaan (rata-rata 4 indeks korupsi).
v2x_corr_ord,"Measurement Model Estimates of Original Ordinal Value - Political corruption index (D). Straight average of four government sector indices. Formula: (v2x_pubcorr + v2x_execorr + v2lgcrrpt + v2jucorrdc) / 4. (For countries without a legislature, straight average of public, executive, and judicial corruption indices)."
v2x_corr_ord_codelow,Lower bound of the ordinal scale value - Political corruption index: Tingkat korupsi politik di semua sektor kekuasaan (rata-rata 4 indeks korupsi).
v2x_corr_ord_codehigh,Upper bound of the ordinal scale value - Political corruption index: Tingkat korupsi politik di semua sektor kekuasaan (rata-rata 4 indeks korupsi).
v2x_corr_mean,"Raw expert mean - Political corruption index (D). Straight average of four government sector indices. Formula: (v2x_pubcorr + v2x_execorr + v2lgcrrpt + v2jucorrdc) / 4. (For countries without a legislature, straight average of public, executive, and judicial corruption indices)."
v2x_corr_nr,"Number of coders - Political corruption index (D). Straight average of four government sector indices. Formula: (v2x_pubcorr + v2x_execorr + v2lgcrrpt + v2jucorrdc) / 4. (For countries without a legislature, straight average of public, executive, and judicial corruption indices)."
v2x_execorr,"Index estimate (Point Estimate, Median value) - Executive corruption index (D). Straight average of executive bribery (v2exbribe) and executive embezzlement (v2exembez). Formula: (v2exbribe + v2exembez) / 2."
v2x_execorr_codelow,Lower bound (HPD Interval 68/70%) - Executive corruption index (D). Straight average of executive bribery (v2exbribe) and executive embezzlement (v2exembez). Formula: (v2exbribe + v2exembez) / 2.
v2x_execorr_codehigh,Upper bound (HPD Interval 68/70%) - Executive corruption index (D). Straight average of executive bribery (v2exbribe) and executive embezzlement (v2exembez). Formula: (v2exbribe + v2exembez) / 2.
v2x_execorr_sd,Standard deviation of the posterior distribution - Executive corruption index (D). Straight average of executive bribery (v2exbribe) and executive embezzlement (v2exembez). Formula: (v2exbribe + v2exembez) / 2.
v2x_execorr_osp,Linearized Original Scale Posterior Prediction - Executive corruption index (D). Straight average of executive bribery (v2exbribe) and executive embezzlement (v2exembez). Formula: (v2exbribe + v2exembez) / 2.
v2x_execorr_osp_codelow,"Lower bound of the original scale prediction (HPD Interval 70%) - Executive corruption index: Korupsi di tingkat kepala negara, menteri, dan eksekutif (suap & penggelapan)."
v2x_execorr_osp_codehigh,"Upper bound of the original scale prediction (HPD Interval 70%) - Executive corruption index: Korupsi di tingkat kepala negara, menteri, dan eksekutif (suap & penggelapan)."
v2x_execorr_ord,Measurement Model Estimates of Original Ordinal Value - Executive corruption index (D). Straight average of executive bribery (v2exbribe) and executive embezzlement (v2exembez). Formula: (v2exbribe + v2exembez) / 2.
v2x_execorr_ord_codelow,"Lower bound of the ordinal scale value - Executive corruption index: Korupsi di tingkat kepala negara, menteri, dan eksekutif (suap & penggelapan)."
v2x_execorr_ord_codehigh,"Upper bound of the ordinal scale value - Executive corruption index: Korupsi di tingkat kepala negara, menteri, dan eksekutif (suap & penggelapan)."
v2x_execorr_mean,Raw expert mean - Executive corruption index (D). Straight average of executive bribery (v2exbribe) and executive embezzlement (v2exembez). Formula: (v2exbribe + v2exembez) / 2.
v2x_execorr_nr,Number of coders - Executive corruption index (D). Straight average of executive bribery (v2exbribe) and executive embezzlement (v2exembez). Formula: (v2exbribe + v2exembez) / 2.
v2x_pubcorr,"Index estimate (Point Estimate, Median value) - Public sector corruption index (D). Straight average of public sector bribery (v2excrptps) and public sector theft (v2exthftps). Formula: (v2excrptps + v2exthftps) / 2."
v2x_pubcorr_codelow,Lower bound (HPD Interval 68/70%) - Public sector corruption index (D). Straight average of public sector bribery (v2excrptps) and public sector theft (v2exthftps). Formula: (v2excrptps + v2exthftps) / 2.
v2x_pubcorr_codehigh,Upper bound (HPD Interval 68/70%) - Public sector corruption index (D). Straight average of public sector bribery (v2excrptps) and public sector theft (v2exthftps). Formula: (v2excrptps + v2exthftps) / 2.
v2x_pubcorr_sd,Standard deviation of the posterior distribution - Public sector corruption index (D). Straight average of public sector bribery (v2excrptps) and public sector theft (v2exthftps). Formula: (v2excrptps + v2exthftps) / 2.
v2x_pubcorr_osp,Linearized Original Scale Posterior Prediction - Public sector corruption index (D). Straight average of public sector bribery (v2excrptps) and public sector theft (v2exthftps). Formula: (v2excrptps + v2exthftps) / 2.
v2x_pubcorr_osp_codelow,Lower bound of the original scale prediction (HPD Interval 70%) - Public sector corruption index: Korupsi di kalangan pegawai negeri dan birokrasi (suap & penggelapan).
v2x_pubcorr_osp_codehigh,Upper bound of the original scale prediction (HPD Interval 70%) - Public sector corruption index: Korupsi di kalangan pegawai negeri dan birokrasi (suap & penggelapan).
v2x_pubcorr_ord,Measurement Model Estimates of Original Ordinal Value - Public sector corruption index (D). Straight average of public sector bribery (v2excrptps) and public sector theft (v2exthftps). Formula: (v2excrptps + v2exthftps) / 2.
v2x_pubcorr_ord_codelow,Lower bound of the ordinal scale value - Public sector corruption index: Korupsi di kalangan pegawai negeri dan birokrasi (suap & penggelapan).
v2x_pubcorr_ord_codehigh,Upper bound of the ordinal scale value - Public sector corruption index: Korupsi di kalangan pegawai negeri dan birokrasi (suap & penggelapan).
v2x_pubcorr_mean,Raw expert mean - Public sector corruption index (D). Straight average of public sector bribery (v2excrptps) and public sector theft (v2exthftps). Formula: (v2excrptps + v2exthftps) / 2.
v2x_pubcorr_nr,Number of coders - Public sector corruption index (D). Straight average of public sector bribery (v2excrptps) and public sector theft (v2exthftps). Formula: (v2excrptps + v2exthftps) / 2.
v2lgcrrpt,Expert point estimate (Measurement Model point estimate on standardized scale) - Legislative corrupt activities: Penyalahgunaan kekuasaan oleh anggota legislatif untuk keuntungan finansial pribadi. [Cross-Coder Aggregation: Bayesian ordinal item response theory (IRT) measurement model].
v2lgcrrpt_codelow,Lower bound of the point estimate (HPD Interval 68%) - Legislative corrupt activities: Penyalahgunaan kekuasaan oleh anggota legislatif untuk keuntungan finansial pribadi.
v2lgcrrpt_codehigh,Upper bound of the point estimate (HPD Interval 68%) - Legislative corrupt activities: Penyalahgunaan kekuasaan oleh anggota legislatif untuk keuntungan finansial pribadi.
v2lgcrrpt_sd,Standard deviation of the measurement model output - Legislative corrupt activities: Penyalahgunaan kekuasaan oleh anggota legislatif untuk keuntungan finansial pribadi.
v2lgcrrpt_osp,"Linearized Original Scale Posterior Prediction (translated back to original scale, e.g. 0-4) - Legislative corrupt activities: Penyalahgunaan kekuasaan oleh anggota legislatif untuk keuntungan finansial pribadi."
v2lgcrrpt_osp_codelow,Lower bound of the original scale prediction (HPD Interval 70%) - Legislative corrupt activities: Penyalahgunaan kekuasaan oleh anggota legislatif untuk keuntungan finansial pribadi.
v2lgcrrpt_osp_codehigh,Upper bound of the original scale prediction (HPD Interval 70%) - Legislative corrupt activities: Penyalahgunaan kekuasaan oleh anggota legislatif untuk keuntungan finansial pribadi.
v2lgcrrpt_ord,Measurement Model Estimates of Original Ordinal Value (integer representing most likely category) - Legislative corrupt activities: Penyalahgunaan kekuasaan oleh anggota legislatif untuk keuntungan finansial pribadi.
v2lgcrrpt_ord_codelow,Lower bound of the ordinal scale value - Legislative corrupt activities: Penyalahgunaan kekuasaan oleh anggota legislatif untuk keuntungan finansial pribadi.
v2lgcrrpt_ord_codehigh,Upper bound of the ordinal scale value - Legislative corrupt activities: Penyalahgunaan kekuasaan oleh anggota legislatif untuk keuntungan finansial pribadi.
v2lgcrrpt_mean,Arithmetic mean of raw expert coder ratings - Legislative corrupt activities: Penyalahgunaan kekuasaan oleh anggota legislatif untuk keuntungan finansial pribadi. [Cross-Coder Aggregation: Bayesian ordinal item response theory (IRT) measurement model].
v2lgcrrpt_nr,Number of expert coders who rated this country-year - Legislative corrupt activities: Penyalahgunaan kekuasaan oleh anggota legislatif untuk keuntungan finansial pribadi. [Cross-Coder Aggregation: Bayesian ordinal item response theory (IRT) measurement model].
v2jucorrdc,Expert point estimate (Measurement Model point estimate on standardized scale) - Judicial corruption decision: Seberapa sering hakim atau pejabat yudisial menerima suap untuk memengaruhi putusan. [Cross-Coder Aggregation: Bayesian ordinal item response theory (IRT) measurement model].
v2jucorrdc_codelow,Lower bound of the point estimate (HPD Interval 68%) - Judicial corruption decision: Seberapa sering hakim atau pejabat yudisial menerima suap untuk memengaruhi putusan.
v2jucorrdc_codehigh,Upper bound of the point estimate (HPD Interval 68%) - Judicial corruption decision: Seberapa sering hakim atau pejabat yudisial menerima suap untuk memengaruhi putusan.
v2jucorrdc_sd,Standard deviation of the measurement model output - Judicial corruption decision: Seberapa sering hakim atau pejabat yudisial menerima suap untuk memengaruhi putusan.
v2jucorrdc_osp,"Linearized Original Scale Posterior Prediction (translated back to original scale, e.g. 0-4) - Judicial corruption decision: Seberapa sering hakim atau pejabat yudisial menerima suap untuk memengaruhi putusan."
v2jucorrdc_osp_codelow,Lower bound of the original scale prediction (HPD Interval 70%) - Judicial corruption decision: Seberapa sering hakim atau pejabat yudisial menerima suap untuk memengaruhi putusan.
v2jucorrdc_osp_codehigh,Upper bound of the original scale prediction (HPD Interval 70%) - Judicial corruption decision: Seberapa sering hakim atau pejabat yudisial menerima suap untuk memengaruhi putusan.
v2jucorrdc_ord,Measurement Model Estimates of Original Ordinal Value (integer representing most likely category) - Judicial corruption decision: Seberapa sering hakim atau pejabat yudisial menerima suap untuk memengaruhi putusan.
v2jucorrdc_ord_codelow,Lower bound of the ordinal scale value - Judicial corruption decision: Seberapa sering hakim atau pejabat yudisial menerima suap untuk memengaruhi putusan.
v2jucorrdc_ord_codehigh,Upper bound of the ordinal scale value - Judicial corruption decision: Seberapa sering hakim atau pejabat yudisial menerima suap untuk memengaruhi putusan.
v2jucorrdc_mean,Arithmetic mean of raw expert coder ratings - Judicial corruption decision: Seberapa sering hakim atau pejabat yudisial menerima suap untuk memengaruhi putusan. [Cross-Coder Aggregation: Bayesian ordinal item response theory (IRT) measurement model].
v2jucorrdc_nr,Number of expert coders who rated this country-year - Judicial corruption decision: Seberapa sering hakim atau pejabat yudisial menerima suap untuk memengaruhi putusan. [Cross-Coder Aggregation: Bayesian ordinal item response theory (IRT) measurement model].
v2xcl_prpty,Property rights index (D). Straight average de jure and de facto property rights for men (v2clprptym) and women (v2clprptyw). Formula: (v2clprptym + v2clprptyw) / 2.
v2xcl_prpty_codelow,Lower bound (HPD Interval 68/70%) - Property rights index (D). Straight average de jure and de facto property rights for men (v2clprptym) and women (v2clprptyw). Formula: (v2clprptym + v2clprptyw) / 2.
v2xcl_prpty_codehigh,Upper bound (HPD Interval 68/70%) - Property rights index (D). Straight average de jure and de facto property rights for men (v2clprptym) and women (v2clprptyw). Formula: (v2clprptym + v2clprptyw) / 2.
v2xcl_prpty_sd,Standard deviation of the posterior distribution - Property rights index (D). Straight average de jure and de facto property rights for men (v2clprptym) and women (v2clprptyw). Formula: (v2clprptym + v2clprptyw) / 2.
v2xcl_prpty_osp,Linearized Original Scale Posterior Prediction - Property rights index (D). Straight average de jure and de facto property rights for men (v2clprptym) and women (v2clprptyw). Formula: (v2clprptym + v2clprptyw) / 2.
v2xcl_prpty_osp_codelow,Lower bound of the original scale prediction (HPD Interval 70%) - Property rights index: Perlindungan hak milik pribadi yang aman dan diakui hukum bagi warga negara.
v2xcl_prpty_osp_codehigh,Upper bound of the original scale prediction (HPD Interval 70%) - Property rights index: Perlindungan hak milik pribadi yang aman dan diakui hukum bagi warga negara.
v2xcl_prpty_ord,Measurement Model Estimates of Original Ordinal Value - Property rights index (D). Straight average de jure and de facto property rights for men (v2clprptym) and women (v2clprptyw). Formula: (v2clprptym + v2clprptyw) / 2.
v2xcl_prpty_ord_codelow,Lower bound of the ordinal scale value - Property rights index: Perlindungan hak milik pribadi yang aman dan diakui hukum bagi warga negara.
v2xcl_prpty_ord_codehigh,Upper bound of the ordinal scale value - Property rights index: Perlindungan hak milik pribadi yang aman dan diakui hukum bagi warga negara.
v2xcl_prpty_mean,Raw expert mean - Property rights index (D). Straight average de jure and de facto property rights for men (v2clprptym) and women (v2clprptyw). Formula: (v2clprptym + v2clprptyw) / 2.
v2xcl_prpty_nr,Number of coders - Property rights index (D). Straight average de jure and de facto property rights for men (v2clprptym) and women (v2clprptyw). Formula: (v2clprptym + v2clprptyw) / 2.
v2pepwrses,Expert point estimate (Measurement Model point estimate on standardized scale) - Power distributed by socioeconomic position: Sejauh mana pengaruh politik merata di antara berbagai kelas sosial-ekonomi. [Cross-Coder Aggregation: Bayesian ordinal item response theory (IRT) measurement model].
v2pepwrses_codelow,Lower bound of the point estimate (HPD Interval 68%) - Power distributed by socioeconomic position: Sejauh mana pengaruh politik merata di antara berbagai kelas sosial-ekonomi.
v2pepwrses_codehigh,Upper bound of the point estimate (HPD Interval 68%) - Power distributed by socioeconomic position: Sejauh mana pengaruh politik merata di antara berbagai kelas sosial-ekonomi.
v2pepwrses_sd,Standard deviation of the measurement model output - Power distributed by socioeconomic position: Sejauh mana pengaruh politik merata di antara berbagai kelas sosial-ekonomi.
v2pepwrses_osp,"Linearized Original Scale Posterior Prediction (translated back to original scale, e.g. 0-4) - Power distributed by socioeconomic position: Sejauh mana pengaruh politik merata di antara berbagai kelas sosial-ekonomi."
v2pepwrses_osp_codelow,Lower bound of the original scale prediction (HPD Interval 70%) - Power distributed by socioeconomic position: Sejauh mana pengaruh politik merata di antara berbagai kelas sosial-ekonomi.
v2pepwrses_osp_codehigh,Upper bound of the original scale prediction (HPD Interval 70%) - Power distributed by socioeconomic position: Sejauh mana pengaruh politik merata di antara berbagai kelas sosial-ekonomi.
v2pepwrses_ord,Measurement Model Estimates of Original Ordinal Value (integer representing most likely category) - Power distributed by socioeconomic position: Sejauh mana pengaruh politik merata di antara berbagai kelas sosial-ekonomi.
v2pepwrses_ord_codelow,Lower bound of the ordinal scale value - Power distributed by socioeconomic position: Sejauh mana pengaruh politik merata di antara berbagai kelas sosial-ekonomi.
v2pepwrses_ord_codehigh,Upper bound of the ordinal scale value - Power distributed by socioeconomic position: Sejauh mana pengaruh politik merata di antara berbagai kelas sosial-ekonomi.
v2pepwrses_mean,Arithmetic mean of raw expert coder ratings - Power distributed by socioeconomic position: Sejauh mana pengaruh politik merata di antara berbagai kelas sosial-ekonomi. [Cross-Coder Aggregation: Bayesian ordinal item response theory (IRT) measurement model].
v2pepwrses_nr,Number of expert coders who rated this country-year - Power distributed by socioeconomic position: Sejauh mana pengaruh politik merata di antara berbagai kelas sosial-ekonomi. [Cross-Coder Aggregation: Bayesian ordinal item response theory (IRT) measurement model].
v2exrescon,Expert point estimate (Measurement Model point estimate on standardized scale) - Executive respects constitution: Seberapa patuh eksekutif terhadap konstitusi dan undang-undang dasar. [Cross-Coder Aggregation: Bayesian ordinal item response theory (IRT) measurement model].
v2exrescon_codelow,Lower bound of the point estimate (HPD Interval 68%) - Executive respects constitution: Seberapa patuh eksekutif terhadap konstitusi dan undang-undang dasar.
v2exrescon_codehigh,Upper bound of the point estimate (HPD Interval 68%) - Executive respects constitution: Seberapa patuh eksekutif terhadap konstitusi dan undang-undang dasar.
v2exrescon_sd,Standard deviation of the measurement model output - Executive respects constitution: Seberapa patuh eksekutif terhadap konstitusi dan undang-undang dasar.
v2exrescon_osp,"Linearized Original Scale Posterior Prediction (translated back to original scale, e.g. 0-4) - Executive respects constitution: Seberapa patuh eksekutif terhadap konstitusi dan undang-undang dasar."
v2exrescon_osp_codelow,Lower bound of the original scale prediction (HPD Interval 70%) - Executive respects constitution: Seberapa patuh eksekutif terhadap konstitusi dan undang-undang dasar.
v2exrescon_osp_codehigh,Upper bound of the original scale prediction (HPD Interval 70%) - Executive respects constitution: Seberapa patuh eksekutif terhadap konstitusi dan undang-undang dasar.
v2exrescon_ord,Measurement Model Estimates of Original Ordinal Value (integer representing most likely category) - Executive respects constitution: Seberapa patuh eksekutif terhadap konstitusi dan undang-undang dasar.
v2exrescon_ord_codelow,Lower bound of the ordinal scale value - Executive respects constitution: Seberapa patuh eksekutif terhadap konstitusi dan undang-undang dasar.
v2exrescon_ord_codehigh,Upper bound of the ordinal scale value - Executive respects constitution: Seberapa patuh eksekutif terhadap konstitusi dan undang-undang dasar.
v2exrescon_mean,Arithmetic mean of raw expert coder ratings - Executive respects constitution: Seberapa patuh eksekutif terhadap konstitusi dan undang-undang dasar. [Cross-Coder Aggregation: Bayesian ordinal item response theory (IRT) measurement model].
v2exrescon_nr,Number of expert coders who rated this country-year - Executive respects constitution: Seberapa patuh eksekutif terhadap konstitusi dan undang-undang dasar. [Cross-Coder Aggregation: Bayesian ordinal item response theory (IRT) measurement model].
v2exbribe,Expert point estimate (Measurement Model point estimate on standardized scale) - Executive bribery and corrupt exchanges: Frekuensi pejabat eksekutif memberikan kebijakan demi suap/materi. [Cross-Coder Aggregation: Bayesian ordinal item response theory (IRT) measurement model].
v2exbribe_codelow,Lower bound of the point estimate (HPD Interval 68%) - Executive bribery and corrupt exchanges: Frekuensi pejabat eksekutif memberikan kebijakan demi suap/materi.
v2exbribe_codehigh,Upper bound of the point estimate (HPD Interval 68%) - Executive bribery and corrupt exchanges: Frekuensi pejabat eksekutif memberikan kebijakan demi suap/materi.
v2exbribe_sd,Standard deviation of the measurement model output - Executive bribery and corrupt exchanges: Frekuensi pejabat eksekutif memberikan kebijakan demi suap/materi.
v2exbribe_osp,"Linearized Original Scale Posterior Prediction (translated back to original scale, e.g. 0-4) - Executive bribery and corrupt exchanges: Frekuensi pejabat eksekutif memberikan kebijakan demi suap/materi."
v2exbribe_osp_codelow,Lower bound of the original scale prediction (HPD Interval 70%) - Executive bribery and corrupt exchanges: Frekuensi pejabat eksekutif memberikan kebijakan demi suap/materi.
v2exbribe_osp_codehigh,Upper bound of the original scale prediction (HPD Interval 70%) - Executive bribery and corrupt exchanges: Frekuensi pejabat eksekutif memberikan kebijakan demi suap/materi.
v2exbribe_ord,Measurement Model Estimates of Original Ordinal Value (integer representing most likely category) - Executive bribery and corrupt exchanges: Frekuensi pejabat eksekutif memberikan kebijakan demi suap/materi.
v2exbribe_ord_codelow,Lower bound of the ordinal scale value - Executive bribery and corrupt exchanges: Frekuensi pejabat eksekutif memberikan kebijakan demi suap/materi.
v2exbribe_ord_codehigh,Upper bound of the ordinal scale value - Executive bribery and corrupt exchanges: Frekuensi pejabat eksekutif memberikan kebijakan demi suap/materi.
v2exbribe_mean,Arithmetic mean of raw expert coder ratings - Executive bribery and corrupt exchanges: Frekuensi pejabat eksekutif memberikan kebijakan demi suap/materi. [Cross-Coder Aggregation: Bayesian ordinal item response theory (IRT) measurement model].
v2exbribe_nr,Number of expert coders who rated this country-year - Executive bribery and corrupt exchanges: Frekuensi pejabat eksekutif memberikan kebijakan demi suap/materi. [Cross-Coder Aggregation: Bayesian ordinal item response theory (IRT) measurement model].
v2exembez,Expert point estimate (Measurement Model point estimate on standardized scale) - Executive embezzlement and theft: Frekuensi pejabat eksekutif menggelapkan dana publik demi kepentingan pribadi. [Cross-Coder Aggregation: Bayesian ordinal item response theory (IRT) measurement model].
v2exembez_codelow,Lower bound of the point estimate (HPD Interval 68%) - Executive embezzlement and theft: Frekuensi pejabat eksekutif menggelapkan dana publik demi kepentingan pribadi.
v2exembez_codehigh,Upper bound of the point estimate (HPD Interval 68%) - Executive embezzlement and theft: Frekuensi pejabat eksekutif menggelapkan dana publik demi kepentingan pribadi.
v2exembez_sd,Standard deviation of the measurement model output - Executive embezzlement and theft: Frekuensi pejabat eksekutif menggelapkan dana publik demi kepentingan pribadi.
v2exembez_osp,"Linearized Original Scale Posterior Prediction (translated back to original scale, e.g. 0-4) - Executive embezzlement and theft: Frekuensi pejabat eksekutif menggelapkan dana publik demi kepentingan pribadi."
v2exembez_osp_codelow,Lower bound of the original scale prediction (HPD Interval 70%) - Executive embezzlement and theft: Frekuensi pejabat eksekutif menggelapkan dana publik demi kepentingan pribadi.
v2exembez_osp_codehigh,Upper bound of the original scale prediction (HPD Interval 70%) - Executive embezzlement and theft: Frekuensi pejabat eksekutif menggelapkan dana publik demi kepentingan pribadi.
v2exembez_ord,Measurement Model Estimates of Original Ordinal Value (integer representing most likely category) - Executive embezzlement and theft: Frekuensi pejabat eksekutif menggelapkan dana publik demi kepentingan pribadi.
v2exembez_ord_codelow,Lower bound of the ordinal scale value - Executive embezzlement and theft: Frekuensi pejabat eksekutif menggelapkan dana publik demi kepentingan pribadi.
v2exembez_ord_codehigh,Upper bound of the ordinal scale value - Executive embezzlement and theft: Frekuensi pejabat eksekutif menggelapkan dana publik demi kepentingan pribadi.
v2exembez_mean,Arithmetic mean of raw expert coder ratings - Executive embezzlement and theft: Frekuensi pejabat eksekutif menggelapkan dana publik demi kepentingan pribadi. [Cross-Coder Aggregation: Bayesian ordinal item response theory (IRT) measurement model].
v2exembez_nr,Number of expert coders who rated this country-year - Executive embezzlement and theft: Frekuensi pejabat eksekutif menggelapkan dana publik demi kepentingan pribadi. [Cross-Coder Aggregation: Bayesian ordinal item response theory (IRT) measurement model].
v2excrptps,Expert point estimate (Measurement Model point estimate on standardized scale) - Public sector corrupt exchanges: Frekuensi pegawai birokrasi menerima suap untuk memuluskan layanan publik. [Cross-Coder Aggregation: Bayesian ordinal item response theory (IRT) measurement model].
v2excrptps_codelow,Lower bound of the point estimate (HPD Interval 68%) - Public sector corrupt exchanges: Frekuensi pegawai birokrasi menerima suap untuk memuluskan layanan publik.
v2excrptps_codehigh,Upper bound of the point estimate (HPD Interval 68%) - Public sector corrupt exchanges: Frekuensi pegawai birokrasi menerima suap untuk memuluskan layanan publik.
v2excrptps_sd,Standard deviation of the measurement model output - Public sector corrupt exchanges: Frekuensi pegawai birokrasi menerima suap untuk memuluskan layanan publik.
v2excrptps_osp,"Linearized Original Scale Posterior Prediction (translated back to original scale, e.g. 0-4) - Public sector corrupt exchanges: Frekuensi pegawai birokrasi menerima suap untuk memuluskan layanan publik."
v2excrptps_osp_codelow,Lower bound of the original scale prediction (HPD Interval 70%) - Public sector corrupt exchanges: Frekuensi pegawai birokrasi menerima suap untuk memuluskan layanan publik.
v2excrptps_osp_codehigh,Upper bound of the original scale prediction (HPD Interval 70%) - Public sector corrupt exchanges: Frekuensi pegawai birokrasi menerima suap untuk memuluskan layanan publik.
v2excrptps_ord,Measurement Model Estimates of Original Ordinal Value (integer representing most likely category) - Public sector corrupt exchanges: Frekuensi pegawai birokrasi menerima suap untuk memuluskan layanan publik.
v2excrptps_ord_codelow,Lower bound of the ordinal scale value - Public sector corrupt exchanges: Frekuensi pegawai birokrasi menerima suap untuk memuluskan layanan publik.
v2excrptps_ord_codehigh,Upper bound of the ordinal scale value - Public sector corrupt exchanges: Frekuensi pegawai birokrasi menerima suap untuk memuluskan layanan publik.
v2excrptps_mean,Arithmetic mean of raw expert coder ratings - Public sector corrupt exchanges: Frekuensi pegawai birokrasi menerima suap untuk memuluskan layanan publik. [Cross-Coder Aggregation: Bayesian ordinal item response theory (IRT) measurement model].
v2excrptps_nr,Number of expert coders who rated this country-year - Public sector corrupt exchanges: Frekuensi pegawai birokrasi menerima suap untuk memuluskan layanan publik. [Cross-Coder Aggregation: Bayesian ordinal item response theory (IRT) measurement model].
v2exthftps,Expert point estimate (Measurement Model point estimate on standardized scale) - Public sector theft: Frekuensi pegawai birokrasi mencuri atau menggelapkan dana publik. [Cross-Coder Aggregation: Bayesian ordinal item response theory (IRT) measurement model].
v2exthftps_codelow,Lower bound of the point estimate (HPD Interval 68%) - Public sector theft: Frekuensi pegawai birokrasi mencuri atau menggelapkan dana publik.
v2exthftps_codehigh,Upper bound of the point estimate (HPD Interval 68%) - Public sector theft: Frekuensi pegawai birokrasi mencuri atau menggelapkan dana publik.
v2exthftps_sd,Standard deviation of the measurement model output - Public sector theft: Frekuensi pegawai birokrasi mencuri atau menggelapkan dana publik.
v2exthftps_osp,"Linearized Original Scale Posterior Prediction (translated back to original scale, e.g. 0-4) - Public sector theft: Frekuensi pegawai birokrasi mencuri atau menggelapkan dana publik."
v2exthftps_osp_codelow,Lower bound of the original scale prediction (HPD Interval 70%) - Public sector theft: Frekuensi pegawai birokrasi mencuri atau menggelapkan dana publik.
v2exthftps_osp_codehigh,Upper bound of the original scale prediction (HPD Interval 70%) - Public sector theft: Frekuensi pegawai birokrasi mencuri atau menggelapkan dana publik.
v2exthftps_ord,Measurement Model Estimates of Original Ordinal Value (integer representing most likely category) - Public sector theft: Frekuensi pegawai birokrasi mencuri atau menggelapkan dana publik.
v2exthftps_ord_codelow,Lower bound of the ordinal scale value - Public sector theft: Frekuensi pegawai birokrasi mencuri atau menggelapkan dana publik.
v2exthftps_ord_codehigh,Upper bound of the ordinal scale value - Public sector theft: Frekuensi pegawai birokrasi mencuri atau menggelapkan dana publik.
v2exthftps_mean,Arithmetic mean of raw expert coder ratings - Public sector theft: Frekuensi pegawai birokrasi mencuri atau menggelapkan dana publik. [Cross-Coder Aggregation: Bayesian ordinal item response theory (IRT) measurement model].
v2exthftps_nr,Number of expert coders who rated this country-year - Public sector theft: Frekuensi pegawai birokrasi mencuri atau menggelapkan dana publik. [Cross-Coder Aggregation: Bayesian ordinal item response theory (IRT) measurement model].
v2clacfree,Expert point estimate (Measurement Model point estimate on standardized scale) - Freedom of academic and cultural expression: Kebebasan akademisi dan seniman mengekspresikan pendapat tanpa represi. [Cross-Coder Aggregation: Bayesian ordinal item response theory (IRT) measurement model].
v2clacfree_codelow,Lower bound of the point estimate (HPD Interval 68%) - Freedom of academic and cultural expression: Kebebasan akademisi dan seniman mengekspresikan pendapat tanpa represi.
v2clacfree_codehigh,Upper bound of the point estimate (HPD Interval 68%) - Freedom of academic and cultural expression: Kebebasan akademisi dan seniman mengekspresikan pendapat tanpa represi.
v2clacfree_sd,Standard deviation of the measurement model output - Freedom of academic and cultural expression: Kebebasan akademisi dan seniman mengekspresikan pendapat tanpa represi.
v2clacfree_osp,"Linearized Original Scale Posterior Prediction (translated back to original scale, e.g. 0-4) - Freedom of academic and cultural expression: Kebebasan akademisi dan seniman mengekspresikan pendapat tanpa represi."
v2clacfree_osp_codelow,Lower bound of the original scale prediction (HPD Interval 70%) - Freedom of academic and cultural expression: Kebebasan akademisi dan seniman mengekspresikan pendapat tanpa represi.
v2clacfree_osp_codehigh,Upper bound of the original scale prediction (HPD Interval 70%) - Freedom of academic and cultural expression: Kebebasan akademisi dan seniman mengekspresikan pendapat tanpa represi.
v2clacfree_ord,Measurement Model Estimates of Original Ordinal Value (integer representing most likely category) - Freedom of academic and cultural expression: Kebebasan akademisi dan seniman mengekspresikan pendapat tanpa represi.
v2clacfree_ord_codelow,Lower bound of the ordinal scale value - Freedom of academic and cultural expression: Kebebasan akademisi dan seniman mengekspresikan pendapat tanpa represi.
v2clacfree_ord_codehigh,Upper bound of the ordinal scale value - Freedom of academic and cultural expression: Kebebasan akademisi dan seniman mengekspresikan pendapat tanpa represi.
v2clacfree_mean,Arithmetic mean of raw expert coder ratings - Freedom of academic and cultural expression: Kebebasan akademisi dan seniman mengekspresikan pendapat tanpa represi. [Cross-Coder Aggregation: Bayesian ordinal item response theory (IRT) measurement model].
v2clacfree_nr,Number of expert coders who rated this country-year - Freedom of academic and cultural expression: Kebebasan akademisi dan seniman mengekspresikan pendapat tanpa represi. [Cross-Coder Aggregation: Bayesian ordinal item response theory (IRT) measurement model].
v2mecenefm,"Expert point estimate (Measurement Model point estimate on standardized scale) - Government censorship effort - Media: Sejauh mana upaya pemerintah untuk menyensor, memblokir, atau membatasi media. [Cross-Coder Aggregation: Bayesian ordinal item response theory (IRT) measurement model]."
v2mecenefm_codelow,"Lower bound of the point estimate (HPD Interval 68%) - Government censorship effort - Media: Sejauh mana upaya pemerintah untuk menyensor, memblokir, atau membatasi media."
v2mecenefm_codehigh,"Upper bound of the point estimate (HPD Interval 68%) - Government censorship effort - Media: Sejauh mana upaya pemerintah untuk menyensor, memblokir, atau membatasi media."
v2mecenefm_sd,"Standard deviation of the measurement model output - Government censorship effort - Media: Sejauh mana upaya pemerintah untuk menyensor, memblokir, atau membatasi media."
v2mecenefm_osp,"Linearized Original Scale Posterior Prediction (translated back to original scale, e.g. 0-4) - Government censorship effort - Media: Sejauh mana upaya pemerintah untuk menyensor, memblokir, atau membatasi media."
v2mecenefm_osp_codelow,"Lower bound of the original scale prediction (HPD Interval 70%) - Government censorship effort - Media: Sejauh mana upaya pemerintah untuk menyensor, memblokir, atau membatasi media."
v2mecenefm_osp_codehigh,"Upper bound of the original scale prediction (HPD Interval 70%) - Government censorship effort - Media: Sejauh mana upaya pemerintah untuk menyensor, memblokir, atau membatasi media."
v2mecenefm_ord,"Measurement Model Estimates of Original Ordinal Value (integer representing most likely category) - Government censorship effort - Media: Sejauh mana upaya pemerintah untuk menyensor, memblokir, atau membatasi media."
v2mecenefm_ord_codelow,"Lower bound of the ordinal scale value - Government censorship effort - Media: Sejauh mana upaya pemerintah untuk menyensor, memblokir, atau membatasi media."
v2mecenefm_ord_codehigh,"Upper bound of the ordinal scale value - Government censorship effort - Media: Sejauh mana upaya pemerintah untuk menyensor, memblokir, atau membatasi media."
v2mecenefm_mean,"Arithmetic mean of raw expert coder ratings - Government censorship effort - Media: Sejauh mana upaya pemerintah untuk menyensor, memblokir, atau membatasi media. [Cross-Coder Aggregation: Bayesian ordinal item response theory (IRT) measurement model]."
v2mecenefm_nr,"Number of expert coders who rated this country-year - Government censorship effort - Media: Sejauh mana upaya pemerintah untuk menyensor, memblokir, atau membatasi media. [Cross-Coder Aggregation: Bayesian ordinal item response theory (IRT) measurement model]."
v2meharjrn,"Expert point estimate (Measurement Model point estimate on standardized scale) - Harassment of journalists: Tingkat intimidasi, penangkapan, pelecehan, dan kekerasan terhadap jurnalis. [Cross-Coder Aggregation: Bayesian ordinal item response theory (IRT) measurement model]."
v2meharjrn_codelow,"Lower bound of the point estimate (HPD Interval 68%) - Harassment of journalists: Tingkat intimidasi, penangkapan, pelecehan, dan kekerasan terhadap jurnalis."
v2meharjrn_codehigh,"Upper bound of the point estimate (HPD Interval 68%) - Harassment of journalists: Tingkat intimidasi, penangkapan, pelecehan, dan kekerasan terhadap jurnalis."
v2meharjrn_sd,"Standard deviation of the measurement model output - Harassment of journalists: Tingkat intimidasi, penangkapan, pelecehan, dan kekerasan terhadap jurnalis."
v2meharjrn_osp,"Linearized Original Scale Posterior Prediction (translated back to original scale, e.g. 0-4) - Harassment of journalists: Tingkat intimidasi, penangkapan, pelecehan, dan kekerasan terhadap jurnalis."
v2meharjrn_osp_codelow,"Lower bound of the original scale prediction (HPD Interval 70%) - Harassment of journalists: Tingkat intimidasi, penangkapan, pelecehan, dan kekerasan terhadap jurnalis."
v2meharjrn_osp_codehigh,"Upper bound of the original scale prediction (HPD Interval 70%) - Harassment of journalists: Tingkat intimidasi, penangkapan, pelecehan, dan kekerasan terhadap jurnalis."
v2meharjrn_ord,"Measurement Model Estimates of Original Ordinal Value (integer representing most likely category) - Harassment of journalists: Tingkat intimidasi, penangkapan, pelecehan, dan kekerasan terhadap jurnalis."
v2meharjrn_ord_codelow,"Lower bound of the ordinal scale value - Harassment of journalists: Tingkat intimidasi, penangkapan, pelecehan, dan kekerasan terhadap jurnalis."
v2meharjrn_ord_codehigh,"Upper bound of the ordinal scale value - Harassment of journalists: Tingkat intimidasi, penangkapan, pelecehan, dan kekerasan terhadap jurnalis."
v2meharjrn_mean,"Arithmetic mean of raw expert coder ratings - Harassment of journalists: Tingkat intimidasi, penangkapan, pelecehan, dan kekerasan terhadap jurnalis. [Cross-Coder Aggregation: Bayesian ordinal item response theory (IRT) measurement model]."
v2meharjrn_nr,"Number of expert coders who rated this country-year - Harassment of journalists: Tingkat intimidasi, penangkapan, pelecehan, dan kekerasan terhadap jurnalis. [Cross-Coder Aggregation: Bayesian ordinal item response theory (IRT) measurement model]."
v2mebias,Expert point estimate (Measurement Model point estimate on standardized scale) - Media bias: Bias media atau keberpihakan media massa utama terhadap kubu tertentu (terutama pemerintah). [Cross-Coder Aggregation: Bayesian ordinal item response theory (IRT) measurement model].
v2mebias_codelow,Lower bound of the point estimate (HPD Interval 68%) - Media bias: Bias media atau keberpihakan media massa utama terhadap kubu tertentu (terutama pemerintah).
v2mebias_codehigh,Upper bound of the point estimate (HPD Interval 68%) - Media bias: Bias media atau keberpihakan media massa utama terhadap kubu tertentu (terutama pemerintah).
v2mebias_sd,Standard deviation of the measurement model output - Media bias: Bias media atau keberpihakan media massa utama terhadap kubu tertentu (terutama pemerintah).
v2mebias_osp,"Linearized Original Scale Posterior Prediction (translated back to original scale, e.g. 0-4) - Media bias: Bias media atau keberpihakan media massa utama terhadap kubu tertentu (terutama pemerintah)."
v2mebias_osp_codelow,Lower bound of the original scale prediction (HPD Interval 70%) - Media bias: Bias media atau keberpihakan media massa utama terhadap kubu tertentu (terutama pemerintah).
v2mebias_osp_codehigh,Upper bound of the original scale prediction (HPD Interval 70%) - Media bias: Bias media atau keberpihakan media massa utama terhadap kubu tertentu (terutama pemerintah).
v2mebias_ord,Measurement Model Estimates of Original Ordinal Value (integer representing most likely category) - Media bias: Bias media atau keberpihakan media massa utama terhadap kubu tertentu (terutama pemerintah).
v2mebias_ord_codelow,Lower bound of the ordinal scale value - Media bias: Bias media atau keberpihakan media massa utama terhadap kubu tertentu (terutama pemerintah).
v2mebias_ord_codehigh,Upper bound of the ordinal scale value - Media bias: Bias media atau keberpihakan media massa utama terhadap kubu tertentu (terutama pemerintah).
v2mebias_mean,Arithmetic mean of raw expert coder ratings - Media bias: Bias media atau keberpihakan media massa utama terhadap kubu tertentu (terutama pemerintah). [Cross-Coder Aggregation: Bayesian ordinal item response theory (IRT) measurement model].
v2mebias_nr,Number of expert coders who rated this country-year - Media bias: Bias media atau keberpihakan media massa utama terhadap kubu tertentu (terutama pemerintah). [Cross-Coder Aggregation: Bayesian ordinal item response theory (IRT) measurement model].
v2meslfcen,Expert point estimate (Measurement Model point estimate on standardized scale) - Media self-censorship: Sensor mandiri yang dilakukan jurnalis dan media karena takut akan konsekuensi negatif. [Cross-Coder Aggregation: Bayesian ordinal item response theory (IRT) measurement model].
v2meslfcen_codelow,Lower bound of the point estimate (HPD Interval 68%) - Media self-censorship: Sensor mandiri yang dilakukan jurnalis dan media karena takut akan konsekuensi negatif.
v2meslfcen_codehigh,Upper bound of the point estimate (HPD Interval 68%) - Media self-censorship: Sensor mandiri yang dilakukan jurnalis dan media karena takut akan konsekuensi negatif.
v2meslfcen_sd,Standard deviation of the measurement model output - Media self-censorship: Sensor mandiri yang dilakukan jurnalis dan media karena takut akan konsekuensi negatif.
v2meslfcen_osp,"Linearized Original Scale Posterior Prediction (translated back to original scale, e.g. 0-4) - Media self-censorship: Sensor mandiri yang dilakukan jurnalis dan media karena takut akan konsekuensi negatif."
v2meslfcen_osp_codelow,Lower bound of the original scale prediction (HPD Interval 70%) - Media self-censorship: Sensor mandiri yang dilakukan jurnalis dan media karena takut akan konsekuensi negatif.
v2meslfcen_osp_codehigh,Upper bound of the original scale prediction (HPD Interval 70%) - Media self-censorship: Sensor mandiri yang dilakukan jurnalis dan media karena takut akan konsekuensi negatif.
v2meslfcen_ord,Measurement Model Estimates of Original Ordinal Value (integer representing most likely category) - Media self-censorship: Sensor mandiri yang dilakukan jurnalis dan media karena takut akan konsekuensi negatif.
v2meslfcen_ord_codelow,Lower bound of the ordinal scale value - Media self-censorship: Sensor mandiri yang dilakukan jurnalis dan media karena takut akan konsekuensi negatif.
v2meslfcen_ord_codehigh,Upper bound of the ordinal scale value - Media self-censorship: Sensor mandiri yang dilakukan jurnalis dan media karena takut akan konsekuensi negatif.
v2meslfcen_mean,Arithmetic mean of raw expert coder ratings - Media self-censorship: Sensor mandiri yang dilakukan jurnalis dan media karena takut akan konsekuensi negatif. [Cross-Coder Aggregation: Bayesian ordinal item response theory (IRT) measurement model].
v2meslfcen_nr,Number of expert coders who rated this country-year - Media self-censorship: Sensor mandiri yang dilakukan jurnalis dan media karena takut akan konsekuensi negatif. [Cross-Coder Aggregation: Bayesian ordinal item response theory (IRT) measurement model].
v2mecrit,Expert point estimate (Measurement Model point estimate on standardized scale) - Print/broadcast media critical: Seberapa kritis media cetak dan penyiaran terhadap kinerja pemerintah. [Cross-Coder Aggregation: Bayesian ordinal item response theory (IRT) measurement model].
v2mecrit_codelow,Lower bound of the point estimate (HPD Interval 68%) - Print/broadcast media critical: Seberapa kritis media cetak dan penyiaran terhadap kinerja pemerintah.
v2mecrit_codehigh,Upper bound of the point estimate (HPD Interval 68%) - Print/broadcast media critical: Seberapa kritis media cetak dan penyiaran terhadap kinerja pemerintah.
v2mecrit_sd,Standard deviation of the measurement model output - Print/broadcast media critical: Seberapa kritis media cetak dan penyiaran terhadap kinerja pemerintah.
v2mecrit_osp,"Linearized Original Scale Posterior Prediction (translated back to original scale, e.g. 0-4) - Print/broadcast media critical: Seberapa kritis media cetak dan penyiaran terhadap kinerja pemerintah."
v2mecrit_osp_codelow,Lower bound of the original scale prediction (HPD Interval 70%) - Print/broadcast media critical: Seberapa kritis media cetak dan penyiaran terhadap kinerja pemerintah.
v2mecrit_osp_codehigh,Upper bound of the original scale prediction (HPD Interval 70%) - Print/broadcast media critical: Seberapa kritis media cetak dan penyiaran terhadap kinerja pemerintah.
v2mecrit_ord,Measurement Model Estimates of Original Ordinal Value (integer representing most likely category) - Print/broadcast media critical: Seberapa kritis media cetak dan penyiaran terhadap kinerja pemerintah.
v2mecrit_ord_codelow,Lower bound of the ordinal scale value - Print/broadcast media critical: Seberapa kritis media cetak dan penyiaran terhadap kinerja pemerintah.
v2mecrit_ord_codehigh,Upper bound of the ordinal scale value - Print/broadcast media critical: Seberapa kritis media cetak dan penyiaran terhadap kinerja pemerintah.
v2mecrit_mean,Arithmetic mean of raw expert coder ratings - Print/broadcast media critical: Seberapa kritis media cetak dan penyiaran terhadap kinerja pemerintah. [Cross-Coder Aggregation: Bayesian ordinal item response theory (IRT) measurement model].
v2mecrit_nr,Number of expert coders who rated this country-year - Print/broadcast media critical: Seberapa kritis media cetak dan penyiaran terhadap kinerja pemerintah. [Cross-Coder Aggregation: Bayesian ordinal item response theory (IRT) measurement model].
v2merange,Expert point estimate (Measurement Model point estimate on standardized scale) - Print/broadcast media perspectives: Keragaman perspektif politik dan sosial yang disajikan oleh media massa utama. [Cross-Coder Aggregation: Bayesian ordinal item response theory (IRT) measurement model].
v2merange_codelow,Lower bound of the point estimate (HPD Interval 68%) - Print/broadcast media perspectives: Keragaman perspektif politik dan sosial yang disajikan oleh media massa utama.
v2merange_codehigh,Upper bound of the point estimate (HPD Interval 68%) - Print/broadcast media perspectives: Keragaman perspektif politik dan sosial yang disajikan oleh media massa utama.
v2merange_sd,Standard deviation of the measurement model output - Print/broadcast media perspectives: Keragaman perspektif politik dan sosial yang disajikan oleh media massa utama.
v2merange_osp,"Linearized Original Scale Posterior Prediction (translated back to original scale, e.g. 0-4) - Print/broadcast media perspectives: Keragaman perspektif politik dan sosial yang disajikan oleh media massa utama."
v2merange_osp_codelow,Lower bound of the original scale prediction (HPD Interval 70%) - Print/broadcast media perspectives: Keragaman perspektif politik dan sosial yang disajikan oleh media massa utama.
v2merange_osp_codehigh,Upper bound of the original scale prediction (HPD Interval 70%) - Print/broadcast media perspectives: Keragaman perspektif politik dan sosial yang disajikan oleh media massa utama.
v2merange_ord,Measurement Model Estimates of Original Ordinal Value (integer representing most likely category) - Print/broadcast media perspectives: Keragaman perspektif politik dan sosial yang disajikan oleh media massa utama.
v2merange_ord_codelow,Lower bound of the ordinal scale value - Print/broadcast media perspectives: Keragaman perspektif politik dan sosial yang disajikan oleh media massa utama.
v2merange_ord_codehigh,Upper bound of the ordinal scale value - Print/broadcast media perspectives: Keragaman perspektif politik dan sosial yang disajikan oleh media massa utama.
v2merange_mean,Arithmetic mean of raw expert coder ratings - Print/broadcast media perspectives: Keragaman perspektif politik dan sosial yang disajikan oleh media massa utama. [Cross-Coder Aggregation: Bayesian ordinal item response theory (IRT) measurement model].
v2merange_nr,Number of expert coders who rated this country-year - Print/broadcast media perspectives: Keragaman perspektif politik dan sosial yang disajikan oleh media massa utama. [Cross-Coder Aggregation: Bayesian ordinal item response theory (IRT) measurement model].
v2cldiscm,Expert point estimate (Measurement Model point estimate on standardized scale) - Freedom of discussion for men: Kebebasan bagi kaum laki-laki untuk mendiskusikan politik di ranah privat. [Cross-Coder Aggregation: Bayesian ordinal item response theory (IRT) measurement model].
v2cldiscm_codelow,Lower bound of the point estimate (HPD Interval 68%) - Freedom of discussion for men: Kebebasan bagi kaum laki-laki untuk mendiskusikan politik di ranah privat.
v2cldiscm_codehigh,Upper bound of the point estimate (HPD Interval 68%) - Freedom of discussion for men: Kebebasan bagi kaum laki-laki untuk mendiskusikan politik di ranah privat.
v2cldiscm_sd,Standard deviation of the measurement model output - Freedom of discussion for men: Kebebasan bagi kaum laki-laki untuk mendiskusikan politik di ranah privat.
v2cldiscm_osp,"Linearized Original Scale Posterior Prediction (translated back to original scale, e.g. 0-4) - Freedom of discussion for men: Kebebasan bagi kaum laki-laki untuk mendiskusikan politik di ranah privat."
v2cldiscm_osp_codelow,Lower bound of the original scale prediction (HPD Interval 70%) - Freedom of discussion for men: Kebebasan bagi kaum laki-laki untuk mendiskusikan politik di ranah privat.
v2cldiscm_osp_codehigh,Upper bound of the original scale prediction (HPD Interval 70%) - Freedom of discussion for men: Kebebasan bagi kaum laki-laki untuk mendiskusikan politik di ranah privat.
v2cldiscm_ord,Measurement Model Estimates of Original Ordinal Value (integer representing most likely category) - Freedom of discussion for men: Kebebasan bagi kaum laki-laki untuk mendiskusikan politik di ranah privat.
v2cldiscm_ord_codelow,Lower bound of the ordinal scale value - Freedom of discussion for men: Kebebasan bagi kaum laki-laki untuk mendiskusikan politik di ranah privat.
v2cldiscm_ord_codehigh,Upper bound of the ordinal scale value - Freedom of discussion for men: Kebebasan bagi kaum laki-laki untuk mendiskusikan politik di ranah privat.
v2cldiscm_mean,Arithmetic mean of raw expert coder ratings - Freedom of discussion for men: Kebebasan bagi kaum laki-laki untuk mendiskusikan politik di ranah privat. [Cross-Coder Aggregation: Bayesian ordinal item response theory (IRT) measurement model].
v2cldiscm_nr,Number of expert coders who rated this country-year - Freedom of discussion for men: Kebebasan bagi kaum laki-laki untuk mendiskusikan politik di ranah privat. [Cross-Coder Aggregation: Bayesian ordinal item response theory (IRT) measurement model].
v2cldiscw,Expert point estimate (Measurement Model point estimate on standardized scale) - Freedom of discussion for women: Kebebasan bagi kaum perempuan untuk mendiskusikan politik di ranah privat. [Cross-Coder Aggregation: Bayesian ordinal item response theory (IRT) measurement model].
v2cldiscw_codelow,Lower bound of the point estimate (HPD Interval 68%) - Freedom of discussion for women: Kebebasan bagi kaum perempuan untuk mendiskusikan politik di ranah privat.
v2cldiscw_codehigh,Upper bound of the point estimate (HPD Interval 68%) - Freedom of discussion for women: Kebebasan bagi kaum perempuan untuk mendiskusikan politik di ranah privat.
v2cldiscw_sd,Standard deviation of the measurement model output - Freedom of discussion for women: Kebebasan bagi kaum perempuan untuk mendiskusikan politik di ranah privat.
v2cldiscw_osp,"Linearized Original Scale Posterior Prediction (translated back to original scale, e.g. 0-4) - Freedom of discussion for women: Kebebasan bagi kaum perempuan untuk mendiskusikan politik di ranah privat."
v2cldiscw_osp_codelow,Lower bound of the original scale prediction (HPD Interval 70%) - Freedom of discussion for women: Kebebasan bagi kaum perempuan untuk mendiskusikan politik di ranah privat.
v2cldiscw_osp_codehigh,Upper bound of the original scale prediction (HPD Interval 70%) - Freedom of discussion for women: Kebebasan bagi kaum perempuan untuk mendiskusikan politik di ranah privat.
v2cldiscw_ord,Measurement Model Estimates of Original Ordinal Value (integer representing most likely category) - Freedom of discussion for women: Kebebasan bagi kaum perempuan untuk mendiskusikan politik di ranah privat.
v2cldiscw_ord_codelow,Lower bound of the ordinal scale value - Freedom of discussion for women: Kebebasan bagi kaum perempuan untuk mendiskusikan politik di ranah privat.
v2cldiscw_ord_codehigh,Upper bound of the ordinal scale value - Freedom of discussion for women: Kebebasan bagi kaum perempuan untuk mendiskusikan politik di ranah privat.
v2cldiscw_mean,Arithmetic mean of raw expert coder ratings - Freedom of discussion for women: Kebebasan bagi kaum perempuan untuk mendiskusikan politik di ranah privat. [Cross-Coder Aggregation: Bayesian ordinal item response theory (IRT) measurement model].
v2cldiscw_nr,Number of expert coders who rated this country-year - Freedom of discussion for women: Kebebasan bagi kaum perempuan untuk mendiskusikan politik di ranah privat. [Cross-Coder Aggregation: Bayesian ordinal item response theory (IRT) measurement model].
v2csgender,Expert point estimate (Measurement Model point estimate on standardized scale) - CSO women’s participation: Keterlibatan perempuan secara aktif dan aman dalam organisasi masyarakat sipil. [Cross-Coder Aggregation: Bayesian ordinal item response theory (IRT) measurement model].
v2csgender_codelow,Lower bound of the point estimate (HPD Interval 68%) - CSO women’s participation: Keterlibatan perempuan secara aktif dan aman dalam organisasi masyarakat sipil.
v2csgender_codehigh,Upper bound of the point estimate (HPD Interval 68%) - CSO women’s participation: Keterlibatan perempuan secara aktif dan aman dalam organisasi masyarakat sipil.
v2csgender_sd,Standard deviation of the measurement model output - CSO women’s participation: Keterlibatan perempuan secara aktif dan aman dalam organisasi masyarakat sipil.
v2csgender_osp,"Linearized Original Scale Posterior Prediction (translated back to original scale, e.g. 0-4) - CSO women’s participation: Keterlibatan perempuan secara aktif dan aman dalam organisasi masyarakat sipil."
v2csgender_osp_codelow,Lower bound of the original scale prediction (HPD Interval 70%) - CSO women’s participation: Keterlibatan perempuan secara aktif dan aman dalam organisasi masyarakat sipil.
v2csgender_osp_codehigh,Upper bound of the original scale prediction (HPD Interval 70%) - CSO women’s participation: Keterlibatan perempuan secara aktif dan aman dalam organisasi masyarakat sipil.
v2csgender_ord,Measurement Model Estimates of Original Ordinal Value (integer representing most likely category) - CSO women’s participation: Keterlibatan perempuan secara aktif dan aman dalam organisasi masyarakat sipil.
v2csgender_ord_codelow,Lower bound of the ordinal scale value - CSO women’s participation: Keterlibatan perempuan secara aktif dan aman dalam organisasi masyarakat sipil.
v2csgender_ord_codehigh,Upper bound of the ordinal scale value - CSO women’s participation: Keterlibatan perempuan secara aktif dan aman dalam organisasi masyarakat sipil.
v2csgender_mean,Arithmetic mean of raw expert coder ratings - CSO women’s participation: Keterlibatan perempuan secara aktif dan aman dalam organisasi masyarakat sipil. [Cross-Coder Aggregation: Bayesian ordinal item response theory (IRT) measurement model].
v2csgender_nr,Number of expert coders who rated this country-year - CSO women’s participation: Keterlibatan perempuan secara aktif dan aman dalam organisasi masyarakat sipil. [Cross-Coder Aggregation: Bayesian ordinal item response theory (IRT) measurement model].
v2dlreason,Expert point estimate (Measurement Model point estimate on standardized scale) - Reasoned justification: Seberapa sering elite politik memberikan alasan rasional de facto atas kebijakan mereka. [Cross-Coder Aggregation: Bayesian ordinal item response theory (IRT) measurement model].
v2dlreason_codelow,Lower bound of the point estimate (HPD Interval 68%) - Reasoned justification: Seberapa sering elite politik memberikan alasan rasional de facto atas kebijakan mereka.
v2dlreason_codehigh,Upper bound of the point estimate (HPD Interval 68%) - Reasoned justification: Seberapa sering elite politik memberikan alasan rasional de facto atas kebijakan mereka.
v2dlreason_sd,Standard deviation of the measurement model output - Reasoned justification: Seberapa sering elite politik memberikan alasan rasional de facto atas kebijakan mereka.
v2dlreason_osp,"Linearized Original Scale Posterior Prediction (translated back to original scale, e.g. 0-4) - Reasoned justification: Seberapa sering elite politik memberikan alasan rasional de facto atas kebijakan mereka."
v2dlreason_osp_codelow,Lower bound of the original scale prediction (HPD Interval 70%) - Reasoned justification: Seberapa sering elite politik memberikan alasan rasional de facto atas kebijakan mereka.
v2dlreason_osp_codehigh,Upper bound of the original scale prediction (HPD Interval 70%) - Reasoned justification: Seberapa sering elite politik memberikan alasan rasional de facto atas kebijakan mereka.
v2dlreason_ord,Measurement Model Estimates of Original Ordinal Value (integer representing most likely category) - Reasoned justification: Seberapa sering elite politik memberikan alasan rasional de facto atas kebijakan mereka.
v2dlreason_ord_codelow,Lower bound of the ordinal scale value - Reasoned justification: Seberapa sering elite politik memberikan alasan rasional de facto atas kebijakan mereka.
v2dlreason_ord_codehigh,Upper bound of the ordinal scale value - Reasoned justification: Seberapa sering elite politik memberikan alasan rasional de facto atas kebijakan mereka.
v2dlreason_mean,Arithmetic mean of raw expert coder ratings - Reasoned justification: Seberapa sering elite politik memberikan alasan rasional de facto atas kebijakan mereka. [Cross-Coder Aggregation: Bayesian ordinal item response theory (IRT) measurement model].
v2dlreason_nr,Number of expert coders who rated this country-year - Reasoned justification: Seberapa sering elite politik memberikan alasan rasional de facto atas kebijakan mereka. [Cross-Coder Aggregation: Bayesian ordinal item response theory (IRT) measurement model].
v2dlcommon,Expert point estimate (Measurement Model point estimate on standardized scale) - Common good justification: Seberapa sering elite membenarkan kebijakan dengan merujuk pada kepentingan/kebaikan bersama. [Cross-Coder Aggregation: Bayesian ordinal item response theory (IRT) measurement model].
v2dlcommon_codelow,Lower bound of the point estimate (HPD Interval 68%) - Common good justification: Seberapa sering elite membenarkan kebijakan dengan merujuk pada kepentingan/kebaikan bersama.
v2dlcommon_codehigh,Upper bound of the point estimate (HPD Interval 68%) - Common good justification: Seberapa sering elite membenarkan kebijakan dengan merujuk pada kepentingan/kebaikan bersama.
v2dlcommon_sd,Standard deviation of the measurement model output - Common good justification: Seberapa sering elite membenarkan kebijakan dengan merujuk pada kepentingan/kebaikan bersama.
v2dlcommon_osp,"Linearized Original Scale Posterior Prediction (translated back to original scale, e.g. 0-4) - Common good justification: Seberapa sering elite membenarkan kebijakan dengan merujuk pada kepentingan/kebaikan bersama."
v2dlcommon_osp_codelow,Lower bound of the original scale prediction (HPD Interval 70%) - Common good justification: Seberapa sering elite membenarkan kebijakan dengan merujuk pada kepentingan/kebaikan bersama.
v2dlcommon_osp_codehigh,Upper bound of the original scale prediction (HPD Interval 70%) - Common good justification: Seberapa sering elite membenarkan kebijakan dengan merujuk pada kepentingan/kebaikan bersama.
v2dlcommon_ord,Measurement Model Estimates of Original Ordinal Value (integer representing most likely category) - Common good justification: Seberapa sering elite membenarkan kebijakan dengan merujuk pada kepentingan/kebaikan bersama.
v2dlcommon_ord_codelow,Lower bound of the ordinal scale value - Common good justification: Seberapa sering elite membenarkan kebijakan dengan merujuk pada kepentingan/kebaikan bersama.
v2dlcommon_ord_codehigh,Upper bound of the ordinal scale value - Common good justification: Seberapa sering elite membenarkan kebijakan dengan merujuk pada kepentingan/kebaikan bersama.
v2dlcommon_mean,Arithmetic mean of raw expert coder ratings - Common good justification: Seberapa sering elite membenarkan kebijakan dengan merujuk pada kepentingan/kebaikan bersama. [Cross-Coder Aggregation: Bayesian ordinal item response theory (IRT) measurement model].
v2dlcommon_nr,Number of expert coders who rated this country-year - Common good justification: Seberapa sering elite membenarkan kebijakan dengan merujuk pada kepentingan/kebaikan bersama. [Cross-Coder Aggregation: Bayesian ordinal item response theory (IRT) measurement model].
v2dlcountr,Expert point estimate (Measurement Model point estimate on standardized scale) - Respect counterarguments: Sejauh mana elite menunjukkan penghargaan terhadap argumen lawan politik mereka. [Cross-Coder Aggregation: Bayesian ordinal item response theory (IRT) measurement model].
v2dlcountr_codelow,Lower bound of the point estimate (HPD Interval 68%) - Respect counterarguments: Sejauh mana elite menunjukkan penghargaan terhadap argumen lawan politik mereka.
v2dlcountr_codehigh,Upper bound of the point estimate (HPD Interval 68%) - Respect counterarguments: Sejauh mana elite menunjukkan penghargaan terhadap argumen lawan politik mereka.
v2dlcountr_sd,Standard deviation of the measurement model output - Respect counterarguments: Sejauh mana elite menunjukkan penghargaan terhadap argumen lawan politik mereka.
v2dlcountr_osp,"Linearized Original Scale Posterior Prediction (translated back to original scale, e.g. 0-4) - Respect counterarguments: Sejauh mana elite menunjukkan penghargaan terhadap argumen lawan politik mereka."
v2dlcountr_osp_codelow,Lower bound of the original scale prediction (HPD Interval 70%) - Respect counterarguments: Sejauh mana elite menunjukkan penghargaan terhadap argumen lawan politik mereka.
v2dlcountr_osp_codehigh,Upper bound of the original scale prediction (HPD Interval 70%) - Respect counterarguments: Sejauh mana elite menunjukkan penghargaan terhadap argumen lawan politik mereka.
v2dlcountr_ord,Measurement Model Estimates of Original Ordinal Value (integer representing most likely category) - Respect counterarguments: Sejauh mana elite menunjukkan penghargaan terhadap argumen lawan politik mereka.
v2dlcountr_ord_codelow,Lower bound of the ordinal scale value - Respect counterarguments: Sejauh mana elite menunjukkan penghargaan terhadap argumen lawan politik mereka.
v2dlcountr_ord_codehigh,Upper bound of the ordinal scale value - Respect counterarguments: Sejauh mana elite menunjukkan penghargaan terhadap argumen lawan politik mereka.
v2dlcountr_mean,Arithmetic mean of raw expert coder ratings - Respect counterarguments: Sejauh mana elite menunjukkan penghargaan terhadap argumen lawan politik mereka. [Cross-Coder Aggregation: Bayesian ordinal item response theory (IRT) measurement model].
v2dlcountr_nr,Number of expert coders who rated this country-year - Respect counterarguments: Sejauh mana elite menunjukkan penghargaan terhadap argumen lawan politik mereka. [Cross-Coder Aggregation: Bayesian ordinal item response theory (IRT) measurement model].
v2dlconslt,Expert point estimate (Measurement Model point estimate on standardized scale) - Range of consultation: Seberapa luas jangkauan konsultasi pemerintah dengan kelompok sosial yang berbeda. [Cross-Coder Aggregation: Bayesian ordinal item response theory (IRT) measurement model].
v2dlconslt_codelow,Lower bound of the point estimate (HPD Interval 68%) - Range of consultation: Seberapa luas jangkauan konsultasi pemerintah dengan kelompok sosial yang berbeda.
v2dlconslt_codehigh,Upper bound of the point estimate (HPD Interval 68%) - Range of consultation: Seberapa luas jangkauan konsultasi pemerintah dengan kelompok sosial yang berbeda.
v2dlconslt_sd,Standard deviation of the measurement model output - Range of consultation: Seberapa luas jangkauan konsultasi pemerintah dengan kelompok sosial yang berbeda.
v2dlconslt_osp,"Linearized Original Scale Posterior Prediction (translated back to original scale, e.g. 0-4) - Range of consultation: Seberapa luas jangkauan konsultasi pemerintah dengan kelompok sosial yang berbeda."
v2dlconslt_osp_codelow,Lower bound of the original scale prediction (HPD Interval 70%) - Range of consultation: Seberapa luas jangkauan konsultasi pemerintah dengan kelompok sosial yang berbeda.
v2dlconslt_osp_codehigh,Upper bound of the original scale prediction (HPD Interval 70%) - Range of consultation: Seberapa luas jangkauan konsultasi pemerintah dengan kelompok sosial yang berbeda.
v2dlconslt_ord,Measurement Model Estimates of Original Ordinal Value (integer representing most likely category) - Range of consultation: Seberapa luas jangkauan konsultasi pemerintah dengan kelompok sosial yang berbeda.
v2dlconslt_ord_codelow,Lower bound of the ordinal scale value - Range of consultation: Seberapa luas jangkauan konsultasi pemerintah dengan kelompok sosial yang berbeda.
v2dlconslt_ord_codehigh,Upper bound of the ordinal scale value - Range of consultation: Seberapa luas jangkauan konsultasi pemerintah dengan kelompok sosial yang berbeda.
v2dlconslt_mean,Arithmetic mean of raw expert coder ratings - Range of consultation: Seberapa luas jangkauan konsultasi pemerintah dengan kelompok sosial yang berbeda. [Cross-Coder Aggregation: Bayesian ordinal item response theory (IRT) measurement model].
v2dlconslt_nr,Number of expert coders who rated this country-year - Range of consultation: Seberapa luas jangkauan konsultasi pemerintah dengan kelompok sosial yang berbeda. [Cross-Coder Aggregation: Bayesian ordinal item response theory (IRT) measurement model].
v2dlengage,Expert point estimate (Measurement Model point estimate on standardized scale) - Engaged society: Keaktifan masyarakat sipil dalam debat publik yang beradab terkait isu kebijakan negara. [Cross-Coder Aggregation: Bayesian ordinal item response theory (IRT) measurement model].
v2dlengage_codelow,Lower bound of the point estimate (HPD Interval 68%) - Engaged society: Keaktifan masyarakat sipil dalam debat publik yang beradab terkait isu kebijakan negara.
v2dlengage_codehigh,Upper bound of the point estimate (HPD Interval 68%) - Engaged society: Keaktifan masyarakat sipil dalam debat publik yang beradab terkait isu kebijakan negara.
v2dlengage_sd,Standard deviation of the measurement model output - Engaged society: Keaktifan masyarakat sipil dalam debat publik yang beradab terkait isu kebijakan negara.
v2dlengage_osp,"Linearized Original Scale Posterior Prediction (translated back to original scale, e.g. 0-4) - Engaged society: Keaktifan masyarakat sipil dalam debat publik yang beradab terkait isu kebijakan negara."
v2dlengage_osp_codelow,Lower bound of the original scale prediction (HPD Interval 70%) - Engaged society: Keaktifan masyarakat sipil dalam debat publik yang beradab terkait isu kebijakan negara.
v2dlengage_osp_codehigh,Upper bound of the original scale prediction (HPD Interval 70%) - Engaged society: Keaktifan masyarakat sipil dalam debat publik yang beradab terkait isu kebijakan negara.
v2dlengage_ord,Measurement Model Estimates of Original Ordinal Value (integer representing most likely category) - Engaged society: Keaktifan masyarakat sipil dalam debat publik yang beradab terkait isu kebijakan negara.
v2dlengage_ord_codelow,Lower bound of the ordinal scale value - Engaged society: Keaktifan masyarakat sipil dalam debat publik yang beradab terkait isu kebijakan negara.
v2dlengage_ord_codehigh,Upper bound of the ordinal scale value - Engaged society: Keaktifan masyarakat sipil dalam debat publik yang beradab terkait isu kebijakan negara.
v2dlengage_mean,Arithmetic mean of raw expert coder ratings - Engaged society: Keaktifan masyarakat sipil dalam debat publik yang beradab terkait isu kebijakan negara. [Cross-Coder Aggregation: Bayesian ordinal item response theory (IRT) measurement model].
v2dlengage_nr,Number of expert coders who rated this country-year - Engaged society: Keaktifan masyarakat sipil dalam debat publik yang beradab terkait isu kebijakan negara. [Cross-Coder Aggregation: Bayesian ordinal item response theory (IRT) measurement model].
v2pepwrgen,Expert point estimate (Measurement Model point estimate on standardized scale) - Power distributed by gender: Sejauh mana kekuasaan politik terdistribusi merata berdasarkan gender. [Cross-Coder Aggregation: Bayesian ordinal item response theory (IRT) measurement model].
v2pepwrgen_codelow,Lower bound of the point estimate (HPD Interval 68%) - Power distributed by gender: Sejauh mana kekuasaan politik terdistribusi merata berdasarkan gender.
v2pepwrgen_codehigh,Upper bound of the point estimate (HPD Interval 68%) - Power distributed by gender: Sejauh mana kekuasaan politik terdistribusi merata berdasarkan gender.
v2pepwrgen_sd,Standard deviation of the measurement model output - Power distributed by gender: Sejauh mana kekuasaan politik terdistribusi merata berdasarkan gender.
v2pepwrgen_osp,"Linearized Original Scale Posterior Prediction (translated back to original scale, e.g. 0-4) - Power distributed by gender: Sejauh mana kekuasaan politik terdistribusi merata berdasarkan gender."
v2pepwrgen_osp_codelow,Lower bound of the original scale prediction (HPD Interval 70%) - Power distributed by gender: Sejauh mana kekuasaan politik terdistribusi merata berdasarkan gender.
v2pepwrgen_osp_codehigh,Upper bound of the original scale prediction (HPD Interval 70%) - Power distributed by gender: Sejauh mana kekuasaan politik terdistribusi merata berdasarkan gender.
v2pepwrgen_ord,Measurement Model Estimates of Original Ordinal Value (integer representing most likely category) - Power distributed by gender: Sejauh mana kekuasaan politik terdistribusi merata berdasarkan gender.
v2pepwrgen_ord_codelow,Lower bound of the ordinal scale value - Power distributed by gender: Sejauh mana kekuasaan politik terdistribusi merata berdasarkan gender.
v2pepwrgen_ord_codehigh,Upper bound of the ordinal scale value - Power distributed by gender: Sejauh mana kekuasaan politik terdistribusi merata berdasarkan gender.
v2pepwrgen_mean,Arithmetic mean of raw expert coder ratings - Power distributed by gender: Sejauh mana kekuasaan politik terdistribusi merata berdasarkan gender. [Cross-Coder Aggregation: Bayesian ordinal item response theory (IRT) measurement model].
v2pepwrgen_nr,Number of expert coders who rated this country-year - Power distributed by gender: Sejauh mana kekuasaan politik terdistribusi merata berdasarkan gender. [Cross-Coder Aggregation: Bayesian ordinal item response theory (IRT) measurement model].
v2pepwrsoc,Expert point estimate (Measurement Model point estimate on standardized scale) - Power distributed by social group: Sejauh mana kekuasaan politik terdistribusi merata berdasarkan kelompok etnis/sosial. [Cross-Coder Aggregation: Bayesian ordinal item response theory (IRT) measurement model].
v2pepwrsoc_codelow,Lower bound of the point estimate (HPD Interval 68%) - Power distributed by social group: Sejauh mana kekuasaan politik terdistribusi merata berdasarkan kelompok etnis/sosial.
v2pepwrsoc_codehigh,Upper bound of the point estimate (HPD Interval 68%) - Power distributed by social group: Sejauh mana kekuasaan politik terdistribusi merata berdasarkan kelompok etnis/sosial.
v2pepwrsoc_sd,Standard deviation of the measurement model output - Power distributed by social group: Sejauh mana kekuasaan politik terdistribusi merata berdasarkan kelompok etnis/sosial.
v2pepwrsoc_osp,"Linearized Original Scale Posterior Prediction (translated back to original scale, e.g. 0-4) - Power distributed by social group: Sejauh mana kekuasaan politik terdistribusi merata berdasarkan kelompok etnis/sosial."
v2pepwrsoc_osp_codelow,Lower bound of the original scale prediction (HPD Interval 70%) - Power distributed by social group: Sejauh mana kekuasaan politik terdistribusi merata berdasarkan kelompok etnis/sosial.
v2pepwrsoc_osp_codehigh,Upper bound of the original scale prediction (HPD Interval 70%) - Power distributed by social group: Sejauh mana kekuasaan politik terdistribusi merata berdasarkan kelompok etnis/sosial.
v2pepwrsoc_ord,Measurement Model Estimates of Original Ordinal Value (integer representing most likely category) - Power distributed by social group: Sejauh mana kekuasaan politik terdistribusi merata berdasarkan kelompok etnis/sosial.
v2pepwrsoc_ord_codelow,Lower bound of the ordinal scale value - Power distributed by social group: Sejauh mana kekuasaan politik terdistribusi merata berdasarkan kelompok etnis/sosial.
v2pepwrsoc_ord_codehigh,Upper bound of the ordinal scale value - Power distributed by social group: Sejauh mana kekuasaan politik terdistribusi merata berdasarkan kelompok etnis/sosial.
v2pepwrsoc_mean,Arithmetic mean of raw expert coder ratings - Power distributed by social group: Sejauh mana kekuasaan politik terdistribusi merata berdasarkan kelompok etnis/sosial. [Cross-Coder Aggregation: Bayesian ordinal item response theory (IRT) measurement model].
v2pepwrsoc_nr,Number of expert coders who rated this country-year - Power distributed by social group: Sejauh mana kekuasaan politik terdistribusi merata berdasarkan kelompok etnis/sosial. [Cross-Coder Aggregation: Bayesian ordinal item response theory (IRT) measurement model].
v2peedueq,Expert point estimate (Measurement Model point estimate on standardized scale) - Educational equality: Kesetaraan dalam memperoleh pendidikan berkualitas di antara seluruh lapisan masyarakat. [Cross-Coder Aggregation: Bayesian ordinal item response theory (IRT) measurement model].
v2peedueq_codelow,Lower bound of the point estimate (HPD Interval 68%) - Educational equality: Kesetaraan dalam memperoleh pendidikan berkualitas di antara seluruh lapisan masyarakat.
v2peedueq_codehigh,Upper bound of the point estimate (HPD Interval 68%) - Educational equality: Kesetaraan dalam memperoleh pendidikan berkualitas di antara seluruh lapisan masyarakat.
v2peedueq_sd,Standard deviation of the measurement model output - Educational equality: Kesetaraan dalam memperoleh pendidikan berkualitas di antara seluruh lapisan masyarakat.
v2peedueq_osp,"Linearized Original Scale Posterior Prediction (translated back to original scale, e.g. 0-4) - Educational equality: Kesetaraan dalam memperoleh pendidikan berkualitas di antara seluruh lapisan masyarakat."
v2peedueq_osp_codelow,Lower bound of the original scale prediction (HPD Interval 70%) - Educational equality: Kesetaraan dalam memperoleh pendidikan berkualitas di antara seluruh lapisan masyarakat.
v2peedueq_osp_codehigh,Upper bound of the original scale prediction (HPD Interval 70%) - Educational equality: Kesetaraan dalam memperoleh pendidikan berkualitas di antara seluruh lapisan masyarakat.
v2peedueq_ord,Measurement Model Estimates of Original Ordinal Value (integer representing most likely category) - Educational equality: Kesetaraan dalam memperoleh pendidikan berkualitas di antara seluruh lapisan masyarakat.
v2peedueq_ord_codelow,Lower bound of the ordinal scale value - Educational equality: Kesetaraan dalam memperoleh pendidikan berkualitas di antara seluruh lapisan masyarakat.
v2peedueq_ord_codehigh,Upper bound of the ordinal scale value - Educational equality: Kesetaraan dalam memperoleh pendidikan berkualitas di antara seluruh lapisan masyarakat.
v2peedueq_mean,Arithmetic mean of raw expert coder ratings - Educational equality: Kesetaraan dalam memperoleh pendidikan berkualitas di antara seluruh lapisan masyarakat. [Cross-Coder Aggregation: Bayesian ordinal item response theory (IRT) measurement model].
v2peedueq_nr,Number of expert coders who rated this country-year - Educational equality: Kesetaraan dalam memperoleh pendidikan berkualitas di antara seluruh lapisan masyarakat. [Cross-Coder Aggregation: Bayesian ordinal item response theory (IRT) measurement model].
v2pehealth,Expert point estimate (Measurement Model point estimate on standardized scale) - Health equality: Kesetaraan dalam memperoleh pelayanan kesehatan berkualitas di antara seluruh lapisan masyarakat. [Cross-Coder Aggregation: Bayesian ordinal item response theory (IRT) measurement model].
v2pehealth_codelow,Lower bound of the point estimate (HPD Interval 68%) - Health equality: Kesetaraan dalam memperoleh pelayanan kesehatan berkualitas di antara seluruh lapisan masyarakat.
v2pehealth_codehigh,Upper bound of the point estimate (HPD Interval 68%) - Health equality: Kesetaraan dalam memperoleh pelayanan kesehatan berkualitas di antara seluruh lapisan masyarakat.
v2pehealth_sd,Standard deviation of the measurement model output - Health equality: Kesetaraan dalam memperoleh pelayanan kesehatan berkualitas di antara seluruh lapisan masyarakat.
v2pehealth_osp,"Linearized Original Scale Posterior Prediction (translated back to original scale, e.g. 0-4) - Health equality: Kesetaraan dalam memperoleh pelayanan kesehatan berkualitas di antara seluruh lapisan masyarakat."
v2pehealth_osp_codelow,Lower bound of the original scale prediction (HPD Interval 70%) - Health equality: Kesetaraan dalam memperoleh pelayanan kesehatan berkualitas di antara seluruh lapisan masyarakat.
v2pehealth_osp_codehigh,Upper bound of the original scale prediction (HPD Interval 70%) - Health equality: Kesetaraan dalam memperoleh pelayanan kesehatan berkualitas di antara seluruh lapisan masyarakat.
v2pehealth_ord,Measurement Model Estimates of Original Ordinal Value (integer representing most likely category) - Health equality: Kesetaraan dalam memperoleh pelayanan kesehatan berkualitas di antara seluruh lapisan masyarakat.
v2pehealth_ord_codelow,Lower bound of the ordinal scale value - Health equality: Kesetaraan dalam memperoleh pelayanan kesehatan berkualitas di antara seluruh lapisan masyarakat.
v2pehealth_ord_codehigh,Upper bound of the ordinal scale value - Health equality: Kesetaraan dalam memperoleh pelayanan kesehatan berkualitas di antara seluruh lapisan masyarakat.
v2pehealth_mean,Arithmetic mean of raw expert coder ratings - Health equality: Kesetaraan dalam memperoleh pelayanan kesehatan berkualitas di antara seluruh lapisan masyarakat. [Cross-Coder Aggregation: Bayesian ordinal item response theory (IRT) measurement model].
v2pehealth_nr,Number of expert coders who rated this country-year - Health equality: Kesetaraan dalam memperoleh pelayanan kesehatan berkualitas di antara seluruh lapisan masyarakat. [Cross-Coder Aggregation: Bayesian ordinal item response theory (IRT) measurement model].
v2dlunivl,Expert point estimate (Measurement Model point estimate on standardized scale) - Means-tested vs. universalistic policy: Proporsi anggaran negara yang ditujukan untuk kebijakan universal dibandingkan program selektif. [Cross-Coder Aggregation: Bayesian ordinal item response theory (IRT) measurement model].
v2dlunivl_codelow,Lower bound of the point estimate (HPD Interval 68%) - Means-tested vs. universalistic policy: Proporsi anggaran negara yang ditujukan untuk kebijakan universal dibandingkan program selektif.
v2dlunivl_codehigh,Upper bound of the point estimate (HPD Interval 68%) - Means-tested vs. universalistic policy: Proporsi anggaran negara yang ditujukan untuk kebijakan universal dibandingkan program selektif.
v2dlunivl_sd,Standard deviation of the measurement model output - Means-tested vs. universalistic policy: Proporsi anggaran negara yang ditujukan untuk kebijakan universal dibandingkan program selektif.
v2dlunivl_osp,"Linearized Original Scale Posterior Prediction (translated back to original scale, e.g. 0-4) - Means-tested vs. universalistic policy: Proporsi anggaran negara yang ditujukan untuk kebijakan universal dibandingkan program selektif."
v2dlunivl_osp_codelow,Lower bound of the original scale prediction (HPD Interval 70%) - Means-tested vs. universalistic policy: Proporsi anggaran negara yang ditujukan untuk kebijakan universal dibandingkan program selektif.
v2dlunivl_osp_codehigh,Upper bound of the original scale prediction (HPD Interval 70%) - Means-tested vs. universalistic policy: Proporsi anggaran negara yang ditujukan untuk kebijakan universal dibandingkan program selektif.
v2dlunivl_ord,Measurement Model Estimates of Original Ordinal Value (integer representing most likely category) - Means-tested vs. universalistic policy: Proporsi anggaran negara yang ditujukan untuk kebijakan universal dibandingkan program selektif.
v2dlunivl_ord_codelow,Lower bound of the ordinal scale value - Means-tested vs. universalistic policy: Proporsi anggaran negara yang ditujukan untuk kebijakan universal dibandingkan program selektif.
v2dlunivl_ord_codehigh,Upper bound of the ordinal scale value - Means-tested vs. universalistic policy: Proporsi anggaran negara yang ditujukan untuk kebijakan universal dibandingkan program selektif.
v2dlunivl_mean,Arithmetic mean of raw expert coder ratings - Means-tested vs. universalistic policy: Proporsi anggaran negara yang ditujukan untuk kebijakan universal dibandingkan program selektif. [Cross-Coder Aggregation: Bayesian ordinal item response theory (IRT) measurement model].
v2dlunivl_nr,Number of expert coders who rated this country-year - Means-tested vs. universalistic policy: Proporsi anggaran negara yang ditujukan untuk kebijakan universal dibandingkan program selektif. [Cross-Coder Aggregation: Bayesian ordinal item response theory (IRT) measurement model].
v2dlencmps,Expert point estimate (Measurement Model point estimate on standardized scale) - Particularistic or Public good: Sejauh mana belanja sosial ditujukan untuk infrastruktur publik dibanding proyek kelompok tertentu. [Cross-Coder Aggregation: Bayesian ordinal item response theory (IRT) measurement model].
v2dlencmps_codelow,Lower bound of the point estimate (HPD Interval 68%) - Particularistic or Public good: Sejauh mana belanja sosial ditujukan untuk infrastruktur publik dibanding proyek kelompok tertentu.
v2dlencmps_codehigh,Upper bound of the point estimate (HPD Interval 68%) - Particularistic or Public good: Sejauh mana belanja sosial ditujukan untuk infrastruktur publik dibanding proyek kelompok tertentu.
v2dlencmps_sd,Standard deviation of the measurement model output - Particularistic or Public good: Sejauh mana belanja sosial ditujukan untuk infrastruktur publik dibanding proyek kelompok tertentu.
v2dlencmps_osp,"Linearized Original Scale Posterior Prediction (translated back to original scale, e.g. 0-4) - Particularistic or Public good: Sejauh mana belanja sosial ditujukan untuk infrastruktur publik dibanding proyek kelompok tertentu."
v2dlencmps_osp_codelow,Lower bound of the original scale prediction (HPD Interval 70%) - Particularistic or Public good: Sejauh mana belanja sosial ditujukan untuk infrastruktur publik dibanding proyek kelompok tertentu.
v2dlencmps_osp_codehigh,Upper bound of the original scale prediction (HPD Interval 70%) - Particularistic or Public good: Sejauh mana belanja sosial ditujukan untuk infrastruktur publik dibanding proyek kelompok tertentu.
v2dlencmps_ord,Measurement Model Estimates of Original Ordinal Value (integer representing most likely category) - Particularistic or Public good: Sejauh mana belanja sosial ditujukan untuk infrastruktur publik dibanding proyek kelompok tertentu.
v2dlencmps_ord_codelow,Lower bound of the ordinal scale value - Particularistic or Public good: Sejauh mana belanja sosial ditujukan untuk infrastruktur publik dibanding proyek kelompok tertentu.
v2dlencmps_ord_codehigh,Upper bound of the ordinal scale value - Particularistic or Public good: Sejauh mana belanja sosial ditujukan untuk infrastruktur publik dibanding proyek kelompok tertentu.
v2dlencmps_mean,Arithmetic mean of raw expert coder ratings - Particularistic or Public good: Sejauh mana belanja sosial ditujukan untuk infrastruktur publik dibanding proyek kelompok tertentu. [Cross-Coder Aggregation: Bayesian ordinal item response theory (IRT) measurement model].
v2dlencmps_nr,Number of expert coders who rated this country-year - Particularistic or Public good: Sejauh mana belanja sosial ditujukan untuk infrastruktur publik dibanding proyek kelompok tertentu. [Cross-Coder Aggregation: Bayesian ordinal item response theory (IRT) measurement model].
v2clacjust,Expert point estimate (Measurement Model point estimate on standardized scale) - Social class equality in respect for civil liberties: Seberapa setara perlindungan kebebasan sipil di antara kelas sosial. [Cross-Coder Aggregation: Bayesian ordinal item response theory (IRT) measurement model].
v2clacjust_codelow,Lower bound of the point estimate (HPD Interval 68%) - Social class equality in respect for civil liberties: Seberapa setara perlindungan kebebasan sipil di antara kelas sosial.
v2clacjust_codehigh,Upper bound of the point estimate (HPD Interval 68%) - Social class equality in respect for civil liberties: Seberapa setara perlindungan kebebasan sipil di antara kelas sosial.
v2clacjust_sd,Standard deviation of the measurement model output - Social class equality in respect for civil liberties: Seberapa setara perlindungan kebebasan sipil di antara kelas sosial.
v2clacjust_osp,"Linearized Original Scale Posterior Prediction (translated back to original scale, e.g. 0-4) - Social class equality in respect for civil liberties: Seberapa setara perlindungan kebebasan sipil di antara kelas sosial."
v2clacjust_osp_codelow,Lower bound of the original scale prediction (HPD Interval 70%) - Social class equality in respect for civil liberties: Seberapa setara perlindungan kebebasan sipil di antara kelas sosial.
v2clacjust_osp_codehigh,Upper bound of the original scale prediction (HPD Interval 70%) - Social class equality in respect for civil liberties: Seberapa setara perlindungan kebebasan sipil di antara kelas sosial.
v2clacjust_ord,Measurement Model Estimates of Original Ordinal Value (integer representing most likely category) - Social class equality in respect for civil liberties: Seberapa setara perlindungan kebebasan sipil di antara kelas sosial.
v2clacjust_ord_codelow,Lower bound of the ordinal scale value - Social class equality in respect for civil liberties: Seberapa setara perlindungan kebebasan sipil di antara kelas sosial.
v2clacjust_ord_codehigh,Upper bound of the ordinal scale value - Social class equality in respect for civil liberties: Seberapa setara perlindungan kebebasan sipil di antara kelas sosial.
v2clacjust_mean,Arithmetic mean of raw expert coder ratings - Social class equality in respect for civil liberties: Seberapa setara perlindungan kebebasan sipil di antara kelas sosial. [Cross-Coder Aggregation: Bayesian ordinal item response theory (IRT) measurement model].
v2clacjust_nr,Number of expert coders who rated this country-year - Social class equality in respect for civil liberties: Seberapa setara perlindungan kebebasan sipil di antara kelas sosial. [Cross-Coder Aggregation: Bayesian ordinal item response theory (IRT) measurement model].
v2clsocgrp,Expert point estimate (Measurement Model point estimate on standardized scale) - Social group equality in respect for civil liberties: Seberapa setara perlindungan kebebasan sipil di antara kelompok etnis/sosial. [Cross-Coder Aggregation: Bayesian ordinal item response theory (IRT) measurement model].
v2clsocgrp_codelow,Lower bound of the point estimate (HPD Interval 68%) - Social group equality in respect for civil liberties: Seberapa setara perlindungan kebebasan sipil di antara kelompok etnis/sosial.
v2clsocgrp_codehigh,Upper bound of the point estimate (HPD Interval 68%) - Social group equality in respect for civil liberties: Seberapa setara perlindungan kebebasan sipil di antara kelompok etnis/sosial.
v2clsocgrp_sd,Standard deviation of the measurement model output - Social group equality in respect for civil liberties: Seberapa setara perlindungan kebebasan sipil di antara kelompok etnis/sosial.
v2clsocgrp_osp,"Linearized Original Scale Posterior Prediction (translated back to original scale, e.g. 0-4) - Social group equality in respect for civil liberties: Seberapa setara perlindungan kebebasan sipil di antara kelompok etnis/sosial."
v2clsocgrp_osp_codelow,Lower bound of the original scale prediction (HPD Interval 70%) - Social group equality in respect for civil liberties: Seberapa setara perlindungan kebebasan sipil di antara kelompok etnis/sosial.
v2clsocgrp_osp_codehigh,Upper bound of the original scale prediction (HPD Interval 70%) - Social group equality in respect for civil liberties: Seberapa setara perlindungan kebebasan sipil di antara kelompok etnis/sosial.
v2clsocgrp_ord,Measurement Model Estimates of Original Ordinal Value (integer representing most likely category) - Social group equality in respect for civil liberties: Seberapa setara perlindungan kebebasan sipil di antara kelompok etnis/sosial.
v2clsocgrp_ord_codelow,Lower bound of the ordinal scale value - Social group equality in respect for civil liberties: Seberapa setara perlindungan kebebasan sipil di antara kelompok etnis/sosial.
v2clsocgrp_ord_codehigh,Upper bound of the ordinal scale value - Social group equality in respect for civil liberties: Seberapa setara perlindungan kebebasan sipil di antara kelompok etnis/sosial.
v2clsocgrp_mean,Arithmetic mean of raw expert coder ratings - Social group equality in respect for civil liberties: Seberapa setara perlindungan kebebasan sipil di antara kelompok etnis/sosial. [Cross-Coder Aggregation: Bayesian ordinal item response theory (IRT) measurement model].
v2clsocgrp_nr,Number of expert coders who rated this country-year - Social group equality in respect for civil liberties: Seberapa setara perlindungan kebebasan sipil di antara kelompok etnis/sosial. [Cross-Coder Aggregation: Bayesian ordinal item response theory (IRT) measurement model].
v2clsnlpct,Expert point estimate (Measurement Model point estimate on standardized scale) - Weaker civil liberties population: Proporsi populasi yang hak-hak kebebasan sipilnya dilanggar secara signifikan. [Cross-Coder Aggregation: Bayesian ordinal item response theory (IRT) measurement model].
v2clsnlpct_codelow,Lower bound of the point estimate (HPD Interval 68%) - Weaker civil liberties population: Proporsi populasi yang hak-hak kebebasan sipilnya dilanggar secara signifikan.
v2clsnlpct_codehigh,Upper bound of the point estimate (HPD Interval 68%) - Weaker civil liberties population: Proporsi populasi yang hak-hak kebebasan sipilnya dilanggar secara signifikan.
v2clsnlpct_sd,Standard deviation of the measurement model output - Weaker civil liberties population: Proporsi populasi yang hak-hak kebebasan sipilnya dilanggar secara signifikan.
v2clsnlpct_osp,"Linearized Original Scale Posterior Prediction (translated back to original scale, e.g. 0-4) - Weaker civil liberties population: Proporsi populasi yang hak-hak kebebasan sipilnya dilanggar secara signifikan."
v2clsnlpct_osp_codelow,Lower bound of the original scale prediction (HPD Interval 70%) - Weaker civil liberties population: Proporsi populasi yang hak-hak kebebasan sipilnya dilanggar secara signifikan.
v2clsnlpct_osp_codehigh,Upper bound of the original scale prediction (HPD Interval 70%) - Weaker civil liberties population: Proporsi populasi yang hak-hak kebebasan sipilnya dilanggar secara signifikan.
v2clsnlpct_ord,Measurement Model Estimates of Original Ordinal Value (integer representing most likely category) - Weaker civil liberties population: Proporsi populasi yang hak-hak kebebasan sipilnya dilanggar secara signifikan.
v2clsnlpct_ord_codelow,Lower bound of the ordinal scale value - Weaker civil liberties population: Proporsi populasi yang hak-hak kebebasan sipilnya dilanggar secara signifikan.
v2clsnlpct_ord_codehigh,Upper bound of the ordinal scale value - Weaker civil liberties population: Proporsi populasi yang hak-hak kebebasan sipilnya dilanggar secara signifikan.
v2clsnlpct_mean,Arithmetic mean of raw expert coder ratings - Weaker civil liberties population: Proporsi populasi yang hak-hak kebebasan sipilnya dilanggar secara signifikan. [Cross-Coder Aggregation: Bayesian ordinal item response theory (IRT) measurement model].
v2clsnlpct_nr,Number of expert coders who rated this country-year - Weaker civil liberties population: Proporsi populasi yang hak-hak kebebasan sipilnya dilanggar secara signifikan. [Cross-Coder Aggregation: Bayesian ordinal item response theory (IRT) measurement model].
v2clprptym,Expert point estimate (Measurement Model point estimate on standardized scale) - Property rights for men: Perlindungan hak milik pribadi yang de jure dan de facto aman bagi laki-laki. [Cross-Coder Aggregation: Bayesian ordinal item response theory (IRT) measurement model].
v2clprptym_codelow,Lower bound of the point estimate (HPD Interval 68%) - Property rights for men: Perlindungan hak milik pribadi yang de jure dan de facto aman bagi laki-laki.
v2clprptym_codehigh,Upper bound of the point estimate (HPD Interval 68%) - Property rights for men: Perlindungan hak milik pribadi yang de jure dan de facto aman bagi laki-laki.
v2clprptym_sd,Standard deviation of the measurement model output - Property rights for men: Perlindungan hak milik pribadi yang de jure dan de facto aman bagi laki-laki.
v2clprptym_osp,"Linearized Original Scale Posterior Prediction (translated back to original scale, e.g. 0-4) - Property rights for men: Perlindungan hak milik pribadi yang de jure dan de facto aman bagi laki-laki."
v2clprptym_osp_codelow,Lower bound of the original scale prediction (HPD Interval 70%) - Property rights for men: Perlindungan hak milik pribadi yang de jure dan de facto aman bagi laki-laki.
v2clprptym_osp_codehigh,Upper bound of the original scale prediction (HPD Interval 70%) - Property rights for men: Perlindungan hak milik pribadi yang de jure dan de facto aman bagi laki-laki.
v2clprptym_ord,Measurement Model Estimates of Original Ordinal Value (integer representing most likely category) - Property rights for men: Perlindungan hak milik pribadi yang de jure dan de facto aman bagi laki-laki.
v2clprptym_ord_codelow,Lower bound of the ordinal scale value - Property rights for men: Perlindungan hak milik pribadi yang de jure dan de facto aman bagi laki-laki.
v2clprptym_ord_codehigh,Upper bound of the ordinal scale value - Property rights for men: Perlindungan hak milik pribadi yang de jure dan de facto aman bagi laki-laki.
v2clprptym_mean,Arithmetic mean of raw expert coder ratings - Property rights for men: Perlindungan hak milik pribadi yang de jure dan de facto aman bagi laki-laki. [Cross-Coder Aggregation: Bayesian ordinal item response theory (IRT) measurement model].
v2clprptym_nr,Number of expert coders who rated this country-year - Property rights for men: Perlindungan hak milik pribadi yang de jure dan de facto aman bagi laki-laki. [Cross-Coder Aggregation: Bayesian ordinal item response theory (IRT) measurement model].
v2clprptyw,Expert point estimate (Measurement Model point estimate on standardized scale) - Property rights for women: Perlindungan hak milik pribadi yang de jure dan de facto aman bagi perempuan. [Cross-Coder Aggregation: Bayesian ordinal item response theory (IRT) measurement model].
v2clprptyw_codelow,Lower bound of the point estimate (HPD Interval 68%) - Property rights for women: Perlindungan hak milik pribadi yang de jure dan de facto aman bagi perempuan.
v2clprptyw_codehigh,Upper bound of the point estimate (HPD Interval 68%) - Property rights for women: Perlindungan hak milik pribadi yang de jure dan de facto aman bagi perempuan.
v2clprptyw_sd,Standard deviation of the measurement model output - Property rights for women: Perlindungan hak milik pribadi yang de jure dan de facto aman bagi perempuan.
v2clprptyw_osp,"Linearized Original Scale Posterior Prediction (translated back to original scale, e.g. 0-4) - Property rights for women: Perlindungan hak milik pribadi yang de jure dan de facto aman bagi perempuan."
v2clprptyw_osp_codelow,Lower bound of the original scale prediction (HPD Interval 70%) - Property rights for women: Perlindungan hak milik pribadi yang de jure dan de facto aman bagi perempuan.
v2clprptyw_osp_codehigh,Upper bound of the original scale prediction (HPD Interval 70%) - Property rights for women: Perlindungan hak milik pribadi yang de jure dan de facto aman bagi perempuan.
v2clprptyw_ord,Measurement Model Estimates of Original Ordinal Value (integer representing most likely category) - Property rights for women: Perlindungan hak milik pribadi yang de jure dan de facto aman bagi perempuan.
v2clprptyw_ord_codelow,Lower bound of the ordinal scale value - Property rights for women: Perlindungan hak milik pribadi yang de jure dan de facto aman bagi perempuan.
v2clprptyw_ord_codehigh,Upper bound of the ordinal scale value - Property rights for women: Perlindungan hak milik pribadi yang de jure dan de facto aman bagi perempuan.
v2clprptyw_mean,Arithmetic mean of raw expert coder ratings - Property rights for women: Perlindungan hak milik pribadi yang de jure dan de facto aman bagi perempuan. [Cross-Coder Aggregation: Bayesian ordinal item response theory (IRT) measurement model].
v2clprptyw_nr,Number of expert coders who rated this country-year - Property rights for women: Perlindungan hak milik pribadi yang de jure dan de facto aman bagi perempuan. [Cross-Coder Aggregation: Bayesian ordinal item response theory (IRT) measurement model].
v2clslavem,"Expert point estimate (Measurement Model point estimate on standardized scale) - Freedom from forced labor for men: Bebasnya kaum laki-laki dari kerja paksa, perbudakan, dan kamp kerja paksa. [Cross-Coder Aggregation: Bayesian ordinal item response theory (IRT) measurement model]."
v2clslavem_codelow,"Lower bound of the point estimate (HPD Interval 68%) - Freedom from forced labor for men: Bebasnya kaum laki-laki dari kerja paksa, perbudakan, dan kamp kerja paksa."
v2clslavem_codehigh,"Upper bound of the point estimate (HPD Interval 68%) - Freedom from forced labor for men: Bebasnya kaum laki-laki dari kerja paksa, perbudakan, dan kamp kerja paksa."
v2clslavem_sd,"Standard deviation of the measurement model output - Freedom from forced labor for men: Bebasnya kaum laki-laki dari kerja paksa, perbudakan, dan kamp kerja paksa."
v2clslavem_osp,"Linearized Original Scale Posterior Prediction (translated back to original scale, e.g. 0-4) - Freedom from forced labor for men: Bebasnya kaum laki-laki dari kerja paksa, perbudakan, dan kamp kerja paksa."
v2clslavem_osp_codelow,"Lower bound of the original scale prediction (HPD Interval 70%) - Freedom from forced labor for men: Bebasnya kaum laki-laki dari kerja paksa, perbudakan, dan kamp kerja paksa."
v2clslavem_osp_codehigh,"Upper bound of the original scale prediction (HPD Interval 70%) - Freedom from forced labor for men: Bebasnya kaum laki-laki dari kerja paksa, perbudakan, dan kamp kerja paksa."
v2clslavem_ord,"Measurement Model Estimates of Original Ordinal Value (integer representing most likely category) - Freedom from forced labor for men: Bebasnya kaum laki-laki dari kerja paksa, perbudakan, dan kamp kerja paksa."
v2clslavem_ord_codelow,"Lower bound of the ordinal scale value - Freedom from forced labor for men: Bebasnya kaum laki-laki dari kerja paksa, perbudakan, dan kamp kerja paksa."
v2clslavem_ord_codehigh,"Upper bound of the ordinal scale value - Freedom from forced labor for men: Bebasnya kaum laki-laki dari kerja paksa, perbudakan, dan kamp kerja paksa."
v2clslavem_mean,"Arithmetic mean of raw expert coder ratings - Freedom from forced labor for men: Bebasnya kaum laki-laki dari kerja paksa, perbudakan, dan kamp kerja paksa. [Cross-Coder Aggregation: Bayesian ordinal item response theory (IRT) measurement model]."
v2clslavem_nr,"Number of expert coders who rated this country-year - Freedom from forced labor for men: Bebasnya kaum laki-laki dari kerja paksa, perbudakan, dan kamp kerja paksa. [Cross-Coder Aggregation: Bayesian ordinal item response theory (IRT) measurement model]."
v2clslavef,"Expert point estimate (Measurement Model point estimate on standardized scale) - Freedom from forced labor for women: Bebasnya kaum perempuan dari kerja paksa, perbudakan, dan perdagangan manusia. [Cross-Coder Aggregation: Bayesian ordinal item response theory (IRT) measurement model]."
v2clslavef_codelow,"Lower bound of the point estimate (HPD Interval 68%) - Freedom from forced labor for women: Bebasnya kaum perempuan dari kerja paksa, perbudakan, dan perdagangan manusia."
v2clslavef_codehigh,"Upper bound of the point estimate (HPD Interval 68%) - Freedom from forced labor for women: Bebasnya kaum perempuan dari kerja paksa, perbudakan, dan perdagangan manusia."
v2clslavef_sd,"Standard deviation of the measurement model output - Freedom from forced labor for women: Bebasnya kaum perempuan dari kerja paksa, perbudakan, dan perdagangan manusia."
v2clslavef_osp,"Linearized Original Scale Posterior Prediction (translated back to original scale, e.g. 0-4) - Freedom from forced labor for women: Bebasnya kaum perempuan dari kerja paksa, perbudakan, dan perdagangan manusia."
v2clslavef_osp_codelow,"Lower bound of the original scale prediction (HPD Interval 70%) - Freedom from forced labor for women: Bebasnya kaum perempuan dari kerja paksa, perbudakan, dan perdagangan manusia."
v2clslavef_osp_codehigh,"Upper bound of the original scale prediction (HPD Interval 70%) - Freedom from forced labor for women: Bebasnya kaum perempuan dari kerja paksa, perbudakan, dan perdagangan manusia."
v2clslavef_ord,"Measurement Model Estimates of Original Ordinal Value (integer representing most likely category) - Freedom from forced labor for women: Bebasnya kaum perempuan dari kerja paksa, perbudakan, dan perdagangan manusia."
v2clslavef_ord_codelow,"Lower bound of the ordinal scale value - Freedom from forced labor for women: Bebasnya kaum perempuan dari kerja paksa, perbudakan, dan perdagangan manusia."
v2clslavef_ord_codehigh,"Upper bound of the ordinal scale value - Freedom from forced labor for women: Bebasnya kaum perempuan dari kerja paksa, perbudakan, dan perdagangan manusia."
v2clslavef_mean,"Arithmetic mean of raw expert coder ratings - Freedom from forced labor for women: Bebasnya kaum perempuan dari kerja paksa, perbudakan, dan perdagangan manusia. [Cross-Coder Aggregation: Bayesian ordinal item response theory (IRT) measurement model]."
v2clslavef_nr,"Number of expert coders who rated this country-year - Freedom from forced labor for women: Bebasnya kaum perempuan dari kerja paksa, perbudakan, dan perdagangan manusia. [Cross-Coder Aggregation: Bayesian ordinal item response theory (IRT) measurement model]."
v2clacjstm,Expert point estimate (Measurement Model point estimate on standardized scale) - Access to justice for men: Akses de facto yang setara terhadap perlindungan hukum bagi kaum laki-laki. [Cross-Coder Aggregation: Bayesian ordinal item response theory (IRT) measurement model].
v2clacjstm_codelow,Lower bound of the point estimate (HPD Interval 68%) - Access to justice for men: Akses de facto yang setara terhadap perlindungan hukum bagi kaum laki-laki.
v2clacjstm_codehigh,Upper bound of the point estimate (HPD Interval 68%) - Access to justice for men: Akses de facto yang setara terhadap perlindungan hukum bagi kaum laki-laki.
v2clacjstm_sd,Standard deviation of the measurement model output - Access to justice for men: Akses de facto yang setara terhadap perlindungan hukum bagi kaum laki-laki.
v2clacjstm_osp,"Linearized Original Scale Posterior Prediction (translated back to original scale, e.g. 0-4) - Access to justice for men: Akses de facto yang setara terhadap perlindungan hukum bagi kaum laki-laki."
v2clacjstm_osp_codelow,Lower bound of the original scale prediction (HPD Interval 70%) - Access to justice for men: Akses de facto yang setara terhadap perlindungan hukum bagi kaum laki-laki.
v2clacjstm_osp_codehigh,Upper bound of the original scale prediction (HPD Interval 70%) - Access to justice for men: Akses de facto yang setara terhadap perlindungan hukum bagi kaum laki-laki.
v2clacjstm_ord,Measurement Model Estimates of Original Ordinal Value (integer representing most likely category) - Access to justice for men: Akses de facto yang setara terhadap perlindungan hukum bagi kaum laki-laki.
v2clacjstm_ord_codelow,Lower bound of the ordinal scale value - Access to justice for men: Akses de facto yang setara terhadap perlindungan hukum bagi kaum laki-laki.
v2clacjstm_ord_codehigh,Upper bound of the ordinal scale value - Access to justice for men: Akses de facto yang setara terhadap perlindungan hukum bagi kaum laki-laki.
v2clacjstm_mean,Arithmetic mean of raw expert coder ratings - Access to justice for men: Akses de facto yang setara terhadap perlindungan hukum bagi kaum laki-laki. [Cross-Coder Aggregation: Bayesian ordinal item response theory (IRT) measurement model].
v2clacjstm_nr,Number of expert coders who rated this country-year - Access to justice for men: Akses de facto yang setara terhadap perlindungan hukum bagi kaum laki-laki. [Cross-Coder Aggregation: Bayesian ordinal item response theory (IRT) measurement model].
v2clacjstw,Expert point estimate (Measurement Model point estimate on standardized scale) - Access to justice for women: Akses de facto yang setara terhadap perlindungan hukum bagi kaum perempuan. [Cross-Coder Aggregation: Bayesian ordinal item response theory (IRT) measurement model].
v2clacjstw_codelow,Lower bound of the point estimate (HPD Interval 68%) - Access to justice for women: Akses de facto yang setara terhadap perlindungan hukum bagi kaum perempuan.
v2clacjstw_codehigh,Upper bound of the point estimate (HPD Interval 68%) - Access to justice for women: Akses de facto yang setara terhadap perlindungan hukum bagi kaum perempuan.
v2clacjstw_sd,Standard deviation of the measurement model output - Access to justice for women: Akses de facto yang setara terhadap perlindungan hukum bagi kaum perempuan.
v2clacjstw_osp,"Linearized Original Scale Posterior Prediction (translated back to original scale, e.g. 0-4) - Access to justice for women: Akses de facto yang setara terhadap perlindungan hukum bagi kaum perempuan."
v2clacjstw_osp_codelow,Lower bound of the original scale prediction (HPD Interval 70%) - Access to justice for women: Akses de facto yang setara terhadap perlindungan hukum bagi kaum perempuan.
v2clacjstw_osp_codehigh,Upper bound of the original scale prediction (HPD Interval 70%) - Access to justice for women: Akses de facto yang setara terhadap perlindungan hukum bagi kaum perempuan.
v2clacjstw_ord,Measurement Model Estimates of Original Ordinal Value (integer representing most likely category) - Access to justice for women: Akses de facto yang setara terhadap perlindungan hukum bagi kaum perempuan.
v2clacjstw_ord_codelow,Lower bound of the ordinal scale value - Access to justice for women: Akses de facto yang setara terhadap perlindungan hukum bagi kaum perempuan.
v2clacjstw_ord_codehigh,Upper bound of the ordinal scale value - Access to justice for women: Akses de facto yang setara terhadap perlindungan hukum bagi kaum perempuan.
v2clacjstw_mean,Arithmetic mean of raw expert coder ratings - Access to justice for women: Akses de facto yang setara terhadap perlindungan hukum bagi kaum perempuan. [Cross-Coder Aggregation: Bayesian ordinal item response theory (IRT) measurement model].
v2clacjstw_nr,Number of expert coders who rated this country-year - Access to justice for women: Akses de facto yang setara terhadap perlindungan hukum bagi kaum perempuan. [Cross-Coder Aggregation: Bayesian ordinal item response theory (IRT) measurement model].
v2clkill,Expert point estimate (Measurement Model point estimate on standardized scale) - Freedom from political killings: Kebebasan dari pembunuhan bermotif politik yang dilakukan atau disponsori oleh negara. [Cross-Coder Aggregation: Bayesian ordinal item response theory (IRT) measurement model].
v2clkill_codelow,Lower bound of the point estimate (HPD Interval 68%) - Freedom from political killings: Kebebasan dari pembunuhan bermotif politik yang dilakukan atau disponsori oleh negara.
v2clkill_codehigh,Upper bound of the point estimate (HPD Interval 68%) - Freedom from political killings: Kebebasan dari pembunuhan bermotif politik yang dilakukan atau disponsori oleh negara.
v2clkill_sd,Standard deviation of the measurement model output - Freedom from political killings: Kebebasan dari pembunuhan bermotif politik yang dilakukan atau disponsori oleh negara.
v2clkill_osp,"Linearized Original Scale Posterior Prediction (translated back to original scale, e.g. 0-4) - Freedom from political killings: Kebebasan dari pembunuhan bermotif politik yang dilakukan atau disponsori oleh negara."
v2clkill_osp_codelow,Lower bound of the original scale prediction (HPD Interval 70%) - Freedom from political killings: Kebebasan dari pembunuhan bermotif politik yang dilakukan atau disponsori oleh negara.
v2clkill_osp_codehigh,Upper bound of the original scale prediction (HPD Interval 70%) - Freedom from political killings: Kebebasan dari pembunuhan bermotif politik yang dilakukan atau disponsori oleh negara.
v2clkill_ord,Measurement Model Estimates of Original Ordinal Value (integer representing most likely category) - Freedom from political killings: Kebebasan dari pembunuhan bermotif politik yang dilakukan atau disponsori oleh negara.
v2clkill_ord_codelow,Lower bound of the ordinal scale value - Freedom from political killings: Kebebasan dari pembunuhan bermotif politik yang dilakukan atau disponsori oleh negara.
v2clkill_ord_codehigh,Upper bound of the ordinal scale value - Freedom from political killings: Kebebasan dari pembunuhan bermotif politik yang dilakukan atau disponsori oleh negara.
v2clkill_mean,Arithmetic mean of raw expert coder ratings - Freedom from political killings: Kebebasan dari pembunuhan bermotif politik yang dilakukan atau disponsori oleh negara. [Cross-Coder Aggregation: Bayesian ordinal item response theory (IRT) measurement model].
v2clkill_nr,Number of expert coders who rated this country-year - Freedom from political killings: Kebebasan dari pembunuhan bermotif politik yang dilakukan atau disponsori oleh negara. [Cross-Coder Aggregation: Bayesian ordinal item response theory (IRT) measurement model].
v2cltort,Expert point estimate (Measurement Model point estimate on standardized scale) - Freedom from torture: Kebebasan dari siksaan fisik dan perlakuan kejam yang dilakukan oleh aparat negara. [Cross-Coder Aggregation: Bayesian ordinal item response theory (IRT) measurement model].
v2cltort_codelow,Lower bound of the point estimate (HPD Interval 68%) - Freedom from torture: Kebebasan dari siksaan fisik dan perlakuan kejam yang dilakukan oleh aparat negara.
v2cltort_codehigh,Upper bound of the point estimate (HPD Interval 68%) - Freedom from torture: Kebebasan dari siksaan fisik dan perlakuan kejam yang dilakukan oleh aparat negara.
v2cltort_sd,Standard deviation of the measurement model output - Freedom from torture: Kebebasan dari siksaan fisik dan perlakuan kejam yang dilakukan oleh aparat negara.
v2cltort_osp,"Linearized Original Scale Posterior Prediction (translated back to original scale, e.g. 0-4) - Freedom from torture: Kebebasan dari siksaan fisik dan perlakuan kejam yang dilakukan oleh aparat negara."
v2cltort_osp_codelow,Lower bound of the original scale prediction (HPD Interval 70%) - Freedom from torture: Kebebasan dari siksaan fisik dan perlakuan kejam yang dilakukan oleh aparat negara.
v2cltort_osp_codehigh,Upper bound of the original scale prediction (HPD Interval 70%) - Freedom from torture: Kebebasan dari siksaan fisik dan perlakuan kejam yang dilakukan oleh aparat negara.
v2cltort_ord,Measurement Model Estimates of Original Ordinal Value (integer representing most likely category) - Freedom from torture: Kebebasan dari siksaan fisik dan perlakuan kejam yang dilakukan oleh aparat negara.
v2cltort_ord_codelow,Lower bound of the ordinal scale value - Freedom from torture: Kebebasan dari siksaan fisik dan perlakuan kejam yang dilakukan oleh aparat negara.
v2cltort_ord_codehigh,Upper bound of the ordinal scale value - Freedom from torture: Kebebasan dari siksaan fisik dan perlakuan kejam yang dilakukan oleh aparat negara.
v2cltort_mean,Arithmetic mean of raw expert coder ratings - Freedom from torture: Kebebasan dari siksaan fisik dan perlakuan kejam yang dilakukan oleh aparat negara. [Cross-Coder Aggregation: Bayesian ordinal item response theory (IRT) measurement model].
v2cltort_nr,Number of expert coders who rated this country-year - Freedom from torture: Kebebasan dari siksaan fisik dan perlakuan kejam yang dilakukan oleh aparat negara. [Cross-Coder Aggregation: Bayesian ordinal item response theory (IRT) measurement model].
v2clfmove,Expert point estimate (Measurement Model point estimate on standardized scale) - Freedom of foreign movement: Kebebasan warga negara untuk meninggalkan atau kembali ke negaranya tanpa hambatan ilegal. [Cross-Coder Aggregation: Bayesian ordinal item response theory (IRT) measurement model].
v2clfmove_codelow,Lower bound of the point estimate (HPD Interval 68%) - Freedom of foreign movement: Kebebasan warga negara untuk meninggalkan atau kembali ke negaranya tanpa hambatan ilegal.
v2clfmove_codehigh,Upper bound of the point estimate (HPD Interval 68%) - Freedom of foreign movement: Kebebasan warga negara untuk meninggalkan atau kembali ke negaranya tanpa hambatan ilegal.
v2clfmove_sd,Standard deviation of the measurement model output - Freedom of foreign movement: Kebebasan warga negara untuk meninggalkan atau kembali ke negaranya tanpa hambatan ilegal.
v2clfmove_osp,"Linearized Original Scale Posterior Prediction (translated back to original scale, e.g. 0-4) - Freedom of foreign movement: Kebebasan warga negara untuk meninggalkan atau kembali ke negaranya tanpa hambatan ilegal."
v2clfmove_osp_codelow,Lower bound of the original scale prediction (HPD Interval 70%) - Freedom of foreign movement: Kebebasan warga negara untuk meninggalkan atau kembali ke negaranya tanpa hambatan ilegal.
v2clfmove_osp_codehigh,Upper bound of the original scale prediction (HPD Interval 70%) - Freedom of foreign movement: Kebebasan warga negara untuk meninggalkan atau kembali ke negaranya tanpa hambatan ilegal.
v2clfmove_ord,Measurement Model Estimates of Original Ordinal Value (integer representing most likely category) - Freedom of foreign movement: Kebebasan warga negara untuk meninggalkan atau kembali ke negaranya tanpa hambatan ilegal.
v2clfmove_ord_codelow,Lower bound of the ordinal scale value - Freedom of foreign movement: Kebebasan warga negara untuk meninggalkan atau kembali ke negaranya tanpa hambatan ilegal.
v2clfmove_ord_codehigh,Upper bound of the ordinal scale value - Freedom of foreign movement: Kebebasan warga negara untuk meninggalkan atau kembali ke negaranya tanpa hambatan ilegal.
v2clfmove_mean,Arithmetic mean of raw expert coder ratings - Freedom of foreign movement: Kebebasan warga negara untuk meninggalkan atau kembali ke negaranya tanpa hambatan ilegal. [Cross-Coder Aggregation: Bayesian ordinal item response theory (IRT) measurement model].
v2clfmove_nr,Number of expert coders who rated this country-year - Freedom of foreign movement: Kebebasan warga negara untuk meninggalkan atau kembali ke negaranya tanpa hambatan ilegal. [Cross-Coder Aggregation: Bayesian ordinal item response theory (IRT) measurement model].
v2clrelig,"Expert point estimate (Measurement Model point estimate on standardized scale) - Freedom of religion: Kebebasan beribadah, berpindah agama, dan mendirikan rumah ibadah sesuai keyakinan tanpa intervensi. [Cross-Coder Aggregation: Bayesian ordinal item response theory (IRT) measurement model]."
v2clrelig_codelow,"Lower bound of the point estimate (HPD Interval 68%) - Freedom of religion: Kebebasan beribadah, berpindah agama, dan mendirikan rumah ibadah sesuai keyakinan tanpa intervensi."
v2clrelig_codehigh,"Upper bound of the point estimate (HPD Interval 68%) - Freedom of religion: Kebebasan beribadah, berpindah agama, dan mendirikan rumah ibadah sesuai keyakinan tanpa intervensi."
v2clrelig_sd,"Standard deviation of the measurement model output - Freedom of religion: Kebebasan beribadah, berpindah agama, dan mendirikan rumah ibadah sesuai keyakinan tanpa intervensi."
v2clrelig_osp,"Linearized Original Scale Posterior Prediction (translated back to original scale, e.g. 0-4) - Freedom of religion: Kebebasan beribadah, berpindah agama, dan mendirikan rumah ibadah sesuai keyakinan tanpa intervensi."
v2clrelig_osp_codelow,"Lower bound of the original scale prediction (HPD Interval 70%) - Freedom of religion: Kebebasan beribadah, berpindah agama, dan mendirikan rumah ibadah sesuai keyakinan tanpa intervensi."
v2clrelig_osp_codehigh,"Upper bound of the original scale prediction (HPD Interval 70%) - Freedom of religion: Kebebasan beribadah, berpindah agama, dan mendirikan rumah ibadah sesuai keyakinan tanpa intervensi."
v2clrelig_ord,"Measurement Model Estimates of Original Ordinal Value (integer representing most likely category) - Freedom of religion: Kebebasan beribadah, berpindah agama, dan mendirikan rumah ibadah sesuai keyakinan tanpa intervensi."
v2clrelig_ord_codelow,"Lower bound of the ordinal scale value - Freedom of religion: Kebebasan beribadah, berpindah agama, dan mendirikan rumah ibadah sesuai keyakinan tanpa intervensi."
v2clrelig_ord_codehigh,"Upper bound of the ordinal scale value - Freedom of religion: Kebebasan beribadah, berpindah agama, dan mendirikan rumah ibadah sesuai keyakinan tanpa intervensi."
v2clrelig_mean,"Arithmetic mean of raw expert coder ratings - Freedom of religion: Kebebasan beribadah, berpindah agama, dan mendirikan rumah ibadah sesuai keyakinan tanpa intervensi. [Cross-Coder Aggregation: Bayesian ordinal item response theory (IRT) measurement model]."
v2clrelig_nr,"Number of expert coders who rated this country-year - Freedom of religion: Kebebasan beribadah, berpindah agama, dan mendirikan rumah ibadah sesuai keyakinan tanpa intervensi. [Cross-Coder Aggregation: Bayesian ordinal item response theory (IRT) measurement model]."
v2clrspct,Expert point estimate (Measurement Model point estimate on standardized scale) - Rigorous and impartial public administration: Profesionalitas dan tidak memihaknya aparat birokrasi negara dalam melayani warga. [Cross-Coder Aggregation: Bayesian ordinal item response theory (IRT) measurement model].
v2clrspct_codelow,Lower bound of the point estimate (HPD Interval 68%) - Rigorous and impartial public administration: Profesionalitas dan tidak memihaknya aparat birokrasi negara dalam melayani warga.
v2clrspct_codehigh,Upper bound of the point estimate (HPD Interval 68%) - Rigorous and impartial public administration: Profesionalitas dan tidak memihaknya aparat birokrasi negara dalam melayani warga.
v2clrspct_sd,Standard deviation of the measurement model output - Rigorous and impartial public administration: Profesionalitas dan tidak memihaknya aparat birokrasi negara dalam melayani warga.
v2clrspct_osp,"Linearized Original Scale Posterior Prediction (translated back to original scale, e.g. 0-4) - Rigorous and impartial public administration: Profesionalitas dan tidak memihaknya aparat birokrasi negara dalam melayani warga."
v2clrspct_osp_codelow,Lower bound of the original scale prediction (HPD Interval 70%) - Rigorous and impartial public administration: Profesionalitas dan tidak memihaknya aparat birokrasi negara dalam melayani warga.
v2clrspct_osp_codehigh,Upper bound of the original scale prediction (HPD Interval 70%) - Rigorous and impartial public administration: Profesionalitas dan tidak memihaknya aparat birokrasi negara dalam melayani warga.
v2clrspct_ord,Measurement Model Estimates of Original Ordinal Value (integer representing most likely category) - Rigorous and impartial public administration: Profesionalitas dan tidak memihaknya aparat birokrasi negara dalam melayani warga.
v2clrspct_ord_codelow,Lower bound of the ordinal scale value - Rigorous and impartial public administration: Profesionalitas dan tidak memihaknya aparat birokrasi negara dalam melayani warga.
v2clrspct_ord_codehigh,Upper bound of the ordinal scale value - Rigorous and impartial public administration: Profesionalitas dan tidak memihaknya aparat birokrasi negara dalam melayani warga.
v2clrspct_mean,Arithmetic mean of raw expert coder ratings - Rigorous and impartial public administration: Profesionalitas dan tidak memihaknya aparat birokrasi negara dalam melayani warga. [Cross-Coder Aggregation: Bayesian ordinal item response theory (IRT) measurement model].
v2clrspct_nr,Number of expert coders who rated this country-year - Rigorous and impartial public administration: Profesionalitas dan tidak memihaknya aparat birokrasi negara dalam melayani warga. [Cross-Coder Aggregation: Bayesian ordinal item response theory (IRT) measurement model].
v2cltrnslw,"Expert point estimate (Measurement Model point estimate on standardized scale) - Transparent laws with predictable enforcement: Keberadaan hukum tertulis yang transparan, jelas, dan ditegakkan secara merata. [Cross-Coder Aggregation: Bayesian ordinal item response theory (IRT) measurement model]."
v2cltrnslw_codelow,"Lower bound of the point estimate (HPD Interval 68%) - Transparent laws with predictable enforcement: Keberadaan hukum tertulis yang transparan, jelas, dan ditegakkan secara merata."
v2cltrnslw_codehigh,"Upper bound of the point estimate (HPD Interval 68%) - Transparent laws with predictable enforcement: Keberadaan hukum tertulis yang transparan, jelas, dan ditegakkan secara merata."
v2cltrnslw_sd,"Standard deviation of the measurement model output - Transparent laws with predictable enforcement: Keberadaan hukum tertulis yang transparan, jelas, dan ditegakkan secara merata."
v2cltrnslw_osp,"Linearized Original Scale Posterior Prediction (translated back to original scale, e.g. 0-4) - Transparent laws with predictable enforcement: Keberadaan hukum tertulis yang transparan, jelas, dan ditegakkan secara merata."
v2cltrnslw_osp_codelow,"Lower bound of the original scale prediction (HPD Interval 70%) - Transparent laws with predictable enforcement: Keberadaan hukum tertulis yang transparan, jelas, dan ditegakkan secara merata."
v2cltrnslw_osp_codehigh,"Upper bound of the original scale prediction (HPD Interval 70%) - Transparent laws with predictable enforcement: Keberadaan hukum tertulis yang transparan, jelas, dan ditegakkan secara merata."
v2cltrnslw_ord,"Measurement Model Estimates of Original Ordinal Value (integer representing most likely category) - Transparent laws with predictable enforcement: Keberadaan hukum tertulis yang transparan, jelas, dan ditegakkan secara merata."
v2cltrnslw_ord_codelow,"Lower bound of the ordinal scale value - Transparent laws with predictable enforcement: Keberadaan hukum tertulis yang transparan, jelas, dan ditegakkan secara merata."
v2cltrnslw_ord_codehigh,"Upper bound of the ordinal scale value - Transparent laws with predictable enforcement: Keberadaan hukum tertulis yang transparan, jelas, dan ditegakkan secara merata."
v2cltrnslw_mean,"Arithmetic mean of raw expert coder ratings - Transparent laws with predictable enforcement: Keberadaan hukum tertulis yang transparan, jelas, dan ditegakkan secara merata. [Cross-Coder Aggregation: Bayesian ordinal item response theory (IRT) measurement model]."
v2cltrnslw_nr,"Number of expert coders who rated this country-year - Transparent laws with predictable enforcement: Keberadaan hukum tertulis yang transparan, jelas, dan ditegakkan secara merata. [Cross-Coder Aggregation: Bayesian ordinal item response theory (IRT) measurement model]."
